step,ts,y_real,y_linear,y_poly,y_alphabeta,y_kalman,err_linear,err_poly,err_alphabeta,err_kalman,err_rel_linear,err_rel_poly,err_rel_alphabeta,err_rel_kalman,w_pre_linear,w_pre_poly,w_pre_alphabeta,w_pre_kalman,w_linear,w_poly,w_alphabeta,w_kalman,reward_linear,reward_poly,reward_alphabeta,reward_kalman,rank_linear,rank_kalman,rank_poly,rank_alphabeta,chosen_by_error,chosen_by_weight,choices_differ,decay_share,total_reward
1,2025-03-10 00:30:00,0.106925,0.106133,0.092643,0.127428,0.103896,0.000792,0.014282,0.020503,0.003029,-0.740761,-13.356624,19.175225,-2.832722,0.0,0.0,0.0,0.0,3.0,-1.0,-1.0,-1.0,4,0,0,0,1,2,3,4,linear,linear,False,1.0,4
2,2025-03-10 01:00:00,0.08927,0.08163,0.061023,0.1085,0.08723,0.00764,0.028247,0.01923,0.00204,-8.558037,-31.64239,21.541247,-2.285507,3.0,-1.0,-1.0,-1.0,2.0,-2.0,-2.0,2.0,0,0,0,4,2,1,4,3,kalman,linear,True,1.0,4
3,2025-03-10 01:30:00,0.074658,0.061045,0.033925,0.090421,0.070411,0.013613,0.040732,0.015763,0.004247,-18.233456,-54.559005,21.113513,-5.688031,2.0,-2.0,-2.0,2.0,1.0,-3.0,-3.0,5.0,0,0,0,4,2,1,4,3,kalman,kalman,False,1.0,4
4,2025-03-10 02:00:00,0.062153,0.045635,0.027347,0.075267,0.05574,0.016518,0.034806,0.013114,0.006413,-26.57637,-56.000088,21.099881,-10.317935,1.0,-3.0,-3.0,5.0,0.0,-4.0,-4.0,8.0,0,0,0,4,3,1,4,2,kalman,kalman,False,1.0,4
5,2025-03-10 02:30:00,0.050196,0.045608,0.037477,0.062302,0.043639,0.004588,0.012719,0.012106,0.006557,-9.139697,-25.338166,24.117102,-13.062611,0.0,-4.0,-4.0,8.0,3.0,-5.0,-5.0,7.0,4,0,0,0,1,2,4,3,linear,kalman,True,1.0,4
6,2025-03-10 03:00:00,0.041542,0.034411,0.036699,0.050082,0.032968,0.007131,0.004844,0.00854,0.008574,-17.165188,-11.659823,20.556866,-20.640301,3.0,-5.0,-5.0,7.0,2.0,-2.0,-6.0,6.0,0,4,0,0,2,4,1,3,poly,kalman,True,1.0,4
7,2025-03-10 03:30:00,0.03578,0.023456,0.036673,0.040897,0.025224,0.012324,0.000893,0.005117,0.010556,-34.444666,2.495043,14.301668,-29.502483,2.0,-2.0,-6.0,6.0,1.0,1.0,-7.0,5.0,0,4,0,0,4,3,1,2,poly,kalman,True,1.0,4
8,2025-03-10 04:00:00,0.032504,0.014748,0.036794,0.034726,0.020794,0.017756,0.004289,0.002222,0.01171,-54.627308,13.196084,6.834546,-36.025955,1.0,1.0,-7.0,5.0,0.0,0.0,-4.0,4.0,0,0,4,0,4,3,2,1,alphabeta,kalman,True,1.0,4
9,2025-03-10 04:30:00,0.031164,0.013431,0.022738,0.031097,0.019437,0.017733,0.008426,6.7e-05,0.011727,-56.902838,-27.036555,-0.215046,-37.629977,0.0,0.0,-4.0,4.0,-1.0,-1.0,-1.0,3.0,0,0,4,0,4,3,2,1,alphabeta,kalman,True,1.0,4
10,2025-03-10 05:00:00,0.031925,0.014375,0.023905,0.029523,0.020498,0.01755,0.00802,0.002403,0.011428,-54.971518,-25.121555,-7.52545,-35.794714,-1.0,-1.0,-1.0,3.0,-2.0,-2.0,2.0,2.0,0,0,4,0,4,3,2,1,alphabeta,alphabeta,False,1.0,4
11,2025-03-10 05:30:00,0.035099,0.017513,0.030281,0.030107,0.023733,0.017587,0.004819,0.004992,0.011367,-50.104899,-13.72872,-14.223147,-32.384792,-2.0,-2.0,2.0,2.0,-3.0,1.0,1.0,1.0,0,4,0,0,4,3,1,2,poly,poly,False,1.0,4
12,2025-03-10 06:00:00,0.043852,0.023163,0.040638,0.033058,0.029267,0.020689,0.003213,0.010793,0.014584,-47.1788,-7.327713,-24.613074,-33.258685,-3.0,1.0,1.0,1.0,-4.0,4.0,0.0,0.0,0,4,0,0,4,3,1,2,poly,poly,False,1.0,4
13,2025-03-10 06:30:00,0.061797,0.032961,0.050913,0.04132,0.039657,0.028835,0.010884,0.020477,0.022139,-46.661532,-17.612309,-33.136502,-35.826195,-4.0,4.0,0.0,0.0,-5.0,7.0,-1.0,-1.0,0,4,0,0,4,3,1,2,poly,poly,False,1.0,4
14,2025-03-10 07:00:00,0.091501,0.049423,0.070301,0.058417,0.058963,0.042078,0.021201,0.033084,0.032539,-45.986409,-23.169744,-36.157319,-35.560761,-5.0,7.0,-1.0,-1.0,-6.0,10.0,-2.0,-2.0,0,4,0,0,4,2,1,3,poly,poly,False,1.0,4
15,2025-03-10 07:30:00,0.124846,0.076404,0.103245,0.08723,0.090964,0.048442,0.021601,0.037616,0.033882,-38.801671,-17.302214,-30.130157,-27.13939,-6.0,10.0,-2.0,-2.0,-7.0,13.0,-3.0,-3.0,0,4,0,0,4,2,1,3,poly,poly,False,1.0,4
16,2025-03-10 08:00:00,0.157611,0.112646,0.145686,0.120475,0.1307,0.044966,0.011926,0.037136,0.026911,-28.529476,-7.566635,-23.561981,-17.074269,-7.0,13.0,-3.0,-3.0,-8.0,16.0,-4.0,-4.0,0,4,0,0,4,2,1,3,poly,poly,False,1.0,4
17,2025-03-10 08:30:00,0.1773,0.154558,0.191175,0.153654,0.171934,0.022743,0.013875,0.023647,0.005366,-12.827192,7.825556,-13.33717,-3.026577,-8.0,16.0,-4.0,-4.0,-9.0,15.0,-5.0,-1.0,0,0,0,4,3,1,2,4,kalman,poly,True,1.0,4
18,2025-03-10 09:00:00,0.195317,0.192431,0.226401,0.174879,0.201815,0.002886,0.031084,0.020438,0.006498,-1.477473,15.914585,-10.464164,3.32675,-9.0,15.0,-5.0,-1.0,-6.0,14.0,-6.0,-2.0,4,0,0,0,1,2,4,3,linear,poly,True,1.0,4
19,2025-03-10 09:30:00,0.199558,0.223927,0.250762,0.193408,0.223502,0.024369,0.051204,0.00615,0.023944,12.211605,25.658533,-3.081768,11.998262,-6.0,14.0,-6.0,-2.0,-7.0,13.0,-3.0,-3.0,0,0,4,0,3,2,4,1,alphabeta,poly,True,1.0,4
20,2025-03-10 10:00:00,0.203301,0.241172,0.25577,0.199134,0.230185,0.03787,0.052469,0.004167,0.026884,18.627767,25.80868,-2.049845,13.223609,-7.0,13.0,-3.0,-3.0,-8.0,12.0,0.0,-4.0,0,0,4,0,3,2,4,1,alphabeta,poly,True,1.0,4
21,2025-03-10 10:30:00,0.202443,0.245792,0.247271,0.202878,0.229646,0.043349,0.044828,0.000435,0.027203,21.413105,22.143482,0.215001,13.437562,-8.0,12.0,0.0,-4.0,-9.0,11.0,3.0,-5.0,0,0,4,0,3,2,4,1,alphabeta,poly,True,1.0,4
22,2025-03-10 11:00:00,0.213588,0.239309,0.228206,0.202596,0.223336,0.025721,0.014618,0.010993,0.009748,12.042416,6.844003,-5.146607,4.563723,-9.0,11.0,3.0,-5.0,-10.0,10.0,2.0,-2.0,0,0,0,4,4,1,3,2,kalman,poly,True,1.0,4
23,2025-03-10 11:30:00,0.205108,0.233938,0.214938,0.213008,0.225115,0.02883,0.00983,0.0079,0.020007,14.056149,4.792628,3.851435,9.754135,-10.0,10.0,2.0,-2.0,-11.0,9.0,5.0,-3.0,0,0,4,0,4,3,2,1,alphabeta,poly,True,1.0,4
24,2025-03-10 12:00:00,0.204639,0.223155,0.196135,0.206378,0.216853,0.018517,0.008504,0.001739,0.012215,9.048466,-4.155631,0.849862,5.968846,-11.0,9.0,5.0,-3.0,-12.0,8.0,8.0,-4.0,0,0,4,0,4,3,2,1,alphabeta,poly,True,1.0,4
25,2025-03-10 12:30:00,0.198984,0.21524,0.184846,0.204815,0.210588,0.016256,0.014138,0.005831,0.011604,8.169429,-7.105151,2.93024,5.831495,-12.0,8.0,8.0,-4.0,-13.0,7.0,11.0,-5.0,0,0,4,0,4,2,3,1,alphabeta,alphabeta,False,1.0,4
26,2025-03-10 13:00:00,0.197766,0.206491,0.178265,0.199569,0.202292,0.008725,0.019501,0.001803,0.004527,4.411813,-9.860678,0.911816,2.288921,-13.0,7.0,11.0,-5.0,-14.0,6.0,14.0,-6.0,0,0,4,0,3,2,4,1,alphabeta,alphabeta,False,1.0,4
27,2025-03-10 13:30:00,0.197606,0.201244,0.178062,0.19799,0.197159,0.003638,0.019544,0.000384,0.000447,1.840976,-9.890443,0.194377,-0.226208,-14.0,6.0,14.0,-6.0,-15.0,5.0,17.0,-7.0,0,0,4,0,3,2,4,1,alphabeta,alphabeta,False,1.0,4
28,2025-03-10 14:00:00,0.198866,0.197169,0.18176,0.197534,0.194992,0.001697,0.017106,0.001331,0.003874,-0.853499,-8.601678,-0.669519,-1.947909,-15.0,5.0,17.0,-7.0,-16.0,4.0,20.0,-8.0,0,0,4,0,2,3,4,1,alphabeta,alphabeta,False,1.0,4
29,2025-03-10 14:30:00,0.1932,0.19527,0.186482,0.199241,0.195602,0.002069,0.006719,0.006041,0.002402,1.071134,-3.477507,3.12696,1.243296,-16.0,4.0,20.0,-8.0,-13.0,3.0,19.0,-9.0,4,0,0,0,1,2,4,3,linear,alphabeta,True,1.0,4
30,2025-03-10 15:00:00,0.189675,0.190706,0.1873,0.194398,0.192091,0.001032,0.002375,0.004723,0.002416,0.54386,-1.251923,2.490243,1.273648,-13.0,3.0,19.0,-9.0,-10.0,2.0,18.0,-10.0,4,0,0,0,1,3,2,4,linear,alphabeta,True,1.0,4
31,2025-03-10 15:30:00,0.190549,0.189351,0.184671,0.190826,0.188075,0.001197,0.005878,0.000277,0.002474,-0.628282,-3.084829,0.14557,-1.298132,-10.0,2.0,18.0,-10.0,-11.0,1.0,21.0,-11.0,0,0,4,0,2,3,4,1,alphabeta,alphabeta,False,1.0,4
32,2025-03-10 16:00:00,0.195273,0.187967,0.185237,0.191263,0.187394,0.007306,0.010036,0.004009,0.007878,-3.741351,-5.139505,-2.053182,-4.03461,-11.0,1.0,21.0,-11.0,-12.0,0.0,24.0,-12.0,0,0,4,0,2,3,4,1,alphabeta,alphabeta,False,1.0,4
33,2025-03-10 16:30:00,0.19854,0.190337,0.190473,0.195773,0.191456,0.008203,0.008067,0.002767,0.007083,-4.131677,-4.063125,-1.393562,-3.567736,-12.0,0.0,24.0,-12.0,-13.0,-1.0,27.0,-13.0,0,0,4,0,4,2,3,1,alphabeta,alphabeta,False,1.0,4
34,2025-03-10 17:00:00,0.199545,0.193324,0.198763,0.199329,0.196514,0.006221,0.000782,0.000216,0.003031,-3.117633,-0.391813,-0.108475,-1.519184,-13.0,-1.0,27.0,-13.0,-14.0,-2.0,30.0,-14.0,0,0,4,0,4,3,2,1,alphabeta,alphabeta,False,1.0,4
35,2025-03-10 17:30:00,0.199297,0.196426,0.201661,0.200703,0.199851,0.00287,0.002364,0.001407,0.000554,-1.440187,1.186397,0.705915,0.278141,-14.0,-2.0,30.0,-14.0,-15.0,-3.0,29.0,-11.0,0,0,0,4,4,1,3,2,kalman,alphabeta,True,1.0,4
36,2025-03-10 18:00:00,0.201118,0.199157,0.204101,0.2007,0.201001,0.001961,0.002983,0.000418,0.000117,-0.975174,1.483437,-0.207884,-0.057988,-15.0,-3.0,29.0,-11.0,-16.0,-4.0,28.0,-8.0,0,0,0,4,3,1,4,2,kalman,alphabeta,True,1.0,4
37,2025-03-10 18:30:00,0.199292,0.203067,0.205556,0.202437,0.202564,0.003775,0.006263,0.003144,0.003271,1.893954,3.142824,1.577798,1.641522,-16.0,-4.0,28.0,-8.0,-17.0,-5.0,31.0,-9.0,0,0,4,0,3,2,4,1,alphabeta,alphabeta,False,1.0,4
38,2025-03-10 19:00:00,0.19919,0.203799,0.20513,0.201001,0.201495,0.004609,0.00594,0.001811,0.002305,2.313704,2.981883,0.908943,1.157121,-17.0,-5.0,31.0,-9.0,-18.0,-6.0,34.0,-10.0,0,0,4,0,3,2,4,1,alphabeta,alphabeta,False,1.0,4
39,2025-03-10 19:30:00,0.19046,0.202569,0.20388,0.20079,0.200512,0.012108,0.01342,0.01033,0.010052,6.357444,7.046113,5.423729,5.277686,-18.0,-6.0,34.0,-10.0,-19.0,-7.0,33.0,-7.0,0,0,0,4,3,1,4,2,kalman,alphabeta,True,1.0,4
40,2025-03-10 20:00:00,0.180875,0.196266,0.195205,0.192833,0.192986,0.015391,0.01433,0.011958,0.012111,8.509176,7.922369,6.61098,6.69569,-19.0,-7.0,33.0,-7.0,-20.0,-8.0,36.0,-8.0,0,0,4,0,4,2,3,1,alphabeta,alphabeta,False,1.0,4
41,2025-03-10 20:30:00,0.171536,0.186867,0.180273,0.183299,0.181782,0.015331,0.008736,0.011763,0.010245,8.937418,5.092999,6.857476,5.972691,-20.0,-8.0,36.0,-8.0,-21.0,-5.0,35.0,-9.0,0,4,0,0,4,2,1,3,poly,alphabeta,True,1.0,4
42,2025-03-10 21:00:00,0.166394,0.175508,0.164521,0.173816,0.169552,0.009114,0.001873,0.007422,0.003157,5.477537,-1.125922,4.460238,1.897557,-21.0,-5.0,35.0,-9.0,-22.0,-2.0,34.0,-10.0,0,4,0,0,4,2,1,3,poly,alphabeta,True,1.0,4
43,2025-03-10 21:30:00,0.161565,0.164831,0.153349,0.168138,0.160771,0.003266,0.008216,0.006573,0.000795,2.021185,-5.085516,4.068184,-0.491818,-22.0,-2.0,34.0,-10.0,-23.0,-3.0,33.0,-7.0,0,0,0,4,2,1,4,3,kalman,alphabeta,True,1.0,4
44,2025-03-10 22:00:00,0.16534,0.155202,0.146272,0.163085,0.154438,0.010138,0.019068,0.002255,0.010902,-6.131567,-11.532629,-1.363912,-6.59372,-23.0,-3.0,33.0,-7.0,-24.0,-4.0,36.0,-8.0,0,0,4,0,2,3,4,1,alphabeta,alphabeta,False,1.0,4
45,2025-03-10 22:30:00,0.165951,0.152153,0.147925,0.165849,0.156187,0.013798,0.018027,0.000102,0.009764,-8.314504,-10.862558,-0.061364,-5.883586,-24.0,-4.0,36.0,-8.0,-25.0,-5.0,39.0,-9.0,0,0,4,0,3,2,4,1,alphabeta,alphabeta,False,1.0,4
46,2025-03-10 23:00:00,0.158295,0.152592,0.152996,0.166433,0.159284,0.005703,0.005299,0.008138,0.00099,-3.602837,-3.347573,5.141097,0.625211,-25.0,-5.0,39.0,-9.0,-26.0,-6.0,38.0,-6.0,0,0,0,4,3,1,2,4,kalman,alphabeta,True,1.0,4
47,2025-03-10 23:30:00,0.150299,0.152738,0.153945,0.159253,0.155961,0.002439,0.003646,0.008954,0.005663,1.622795,2.425994,5.957746,3.767548,-26.0,-6.0,38.0,-6.0,-23.0,-7.0,37.0,-7.0,4,0,0,0,1,3,2,4,linear,alphabeta,True,1.0,4
48,2025-03-11 00:00:00,0.130075,0.15015,0.151449,0.150992,0.148774,0.020075,0.021374,0.020917,0.018698,15.433007,16.431715,16.0803,14.375055,-23.0,-7.0,37.0,-7.0,-24.0,-8.0,36.0,-4.0,0,0,0,4,2,1,4,3,kalman,alphabeta,True,1.0,4
49,2025-03-11 00:30:00,0.109838,0.13833,0.135723,0.131612,0.130209,0.028492,0.025884,0.021774,0.020371,25.939611,23.565678,19.823416,18.546265,-24.0,-8.0,36.0,-4.0,-25.0,-9.0,35.0,-1.0,0,0,0,4,4,1,3,2,kalman,alphabeta,True,1.0,4
50,2025-03-11 01:00:00,0.092523,0.118499,0.111288,0.111103,0.106494,0.025976,0.018764,0.018579,0.013971,28.074997,20.280737,20.080827,15.099496,-25.0,-9.0,35.0,-1.0,-26.0,-10.0,34.0,2.0,0,0,0,4,4,1,3,2,kalman,alphabeta,True,1.0,4
51,2025-03-11 01:30:00,0.075613,0.094785,0.082301,0.093261,0.083609,0.019171,0.006688,0.017648,0.007996,25.354646,8.844564,23.33975,10.574645,-26.0,-10.0,34.0,2.0,-27.0,-7.0,33.0,1.0,0,4,0,0,4,2,1,3,poly,alphabeta,True,1.0,4
52,2025-03-11 02:00:00,0.059796,0.068805,0.053868,0.076052,0.062536,0.009009,0.005928,0.016256,0.00274,15.065938,-9.914248,27.185701,4.581798,-27.0,-7.0,33.0,1.0,-28.0,-8.0,32.0,4.0,0,0,0,4,3,1,2,4,kalman,alphabeta,True,1.0,4
53,2025-03-11 02:30:00,0.050076,0.045474,0.029361,0.059945,0.043939,0.004602,0.020715,0.009868,0.006137,-9.189559,-41.36663,19.706541,-12.255701,-28.0,-8.0,32.0,4.0,-25.0,-9.0,31.0,3.0,4,0,0,0,1,2,4,3,linear,alphabeta,True,1.0,4
54,2025-03-11 03:00:00,0.041396,0.02881,0.014944,0.049389,0.031735,0.012585,0.026452,0.007993,0.009661,-30.40251,-63.900476,19.308633,-23.338285,-25.0,-9.0,31.0,3.0,-26.0,-10.0,34.0,2.0,0,0,4,0,3,2,4,1,alphabeta,alphabeta,False,1.0,4
55,2025-03-11 03:30:00,0.036205,0.017487,0.009086,0.040525,0.023552,0.018719,0.02712,0.00432,0.012653,-51.701079,-74.905017,11.930648,-34.949235,-26.0,-10.0,34.0,2.0,-27.0,-11.0,37.0,1.0,0,0,4,0,3,2,4,1,alphabeta,alphabeta,False,1.0,4
56,2025-03-11 04:00:00,0.032504,0.013237,0.012505,0.034921,0.019698,0.019267,0.02,0.002416,0.012806,-59.27561,-61.529499,7.433521,-39.398836,-27.0,-11.0,37.0,1.0,-28.0,-12.0,40.0,0.0,0,0,4,0,3,2,4,1,alphabeta,alphabeta,False,1.0,4
57,2025-03-11 04:30:00,0.031016,0.012139,0.019262,0.031054,0.018563,0.018877,0.011754,3.8e-05,0.012453,-60.863197,-37.897165,0.122546,-40.151007,-28.0,-12.0,40.0,0.0,-29.0,-13.0,43.0,-1.0,0,0,4,0,4,3,2,1,alphabeta,alphabeta,False,1.0,4
58,2025-03-11 05:00:00,0.03233,0.013523,0.026809,0.029333,0.019781,0.018807,0.005521,0.002996,0.012548,-58.172543,-17.077212,-9.267936,-38.813451,-29.0,-13.0,43.0,-1.0,-30.0,-14.0,46.0,-2.0,0,0,4,0,4,3,2,1,alphabeta,alphabeta,False,1.0,4
59,2025-03-11 05:30:00,0.036798,0.017825,0.035393,0.030374,0.023632,0.018973,0.001404,0.006424,0.013166,-51.560492,-3.816576,-17.457645,-35.778132,-30.0,-14.0,46.0,-2.0,-31.0,-11.0,45.0,-3.0,0,4,0,0,4,3,1,2,poly,alphabeta,True,1.0,4
60,2025-03-11 06:00:00,0.047522,0.024771,0.043141,0.034552,0.030544,0.022751,0.004381,0.01297,0.016978,-47.874861,-9.219309,-27.291732,-35.726003,-31.0,-11.0,45.0,-3.0,-32.0,-8.0,44.0,-4.0,0,4,0,0,4,3,1,2,poly,alphabeta,True,1.0,4
61,2025-03-11 06:30:00,0.065886,0.035589,0.055814,0.044802,0.043147,0.030297,0.010072,0.021084,0.022739,-45.984211,-15.286385,-32.000437,-34.512511,-32.0,-8.0,44.0,-4.0,-33.0,-5.0,43.0,-5.0,0,4,0,0,4,3,1,2,poly,alphabeta,True,1.0,4
62,2025-03-11 07:00:00,0.096492,0.053432,0.076583,0.062591,0.063751,0.04306,0.019909,0.033901,0.032741,-44.625125,-20.633277,-35.13319,-33.93146,-33.0,-5.0,43.0,-5.0,-34.0,-2.0,42.0,-6.0,0,4,0,0,4,2,1,3,poly,alphabeta,True,1.0,4
63,2025-03-11 07:30:00,0.130214,0.081785,0.109991,0.092244,0.096862,0.048429,0.020223,0.03797,0.033352,-37.191726,-15.530311,-29.159513,-25.612868,-34.0,-2.0,42.0,-6.0,-35.0,1.0,41.0,-7.0,0,4,0,0,4,2,1,3,poly,alphabeta,True,1.0,4
64,2025-03-11 08:00:00,0.162261,0.119242,0.152561,0.125898,0.137177,0.043019,0.0097,0.036363,0.025084,-26.512431,-5.978272,-22.410214,-15.459206,-35.0,1.0,41.0,-7.0,-36.0,4.0,40.0,-8.0,0,4,0,0,4,2,1,3,poly,alphabeta,True,1.0,4
65,2025-03-11 08:30:00,0.180223,0.161328,0.198109,0.158446,0.177864,0.018895,0.017886,0.021778,0.002359,-10.484268,9.924264,-12.083821,-1.30895,-36.0,4.0,40.0,-8.0,-37.0,3.0,39.0,-5.0,0,0,0,4,3,1,2,4,kalman,alphabeta,True,1.0,4
66,2025-03-11 09:00:00,0.198307,0.197962,0.231218,0.178078,0.205898,0.000345,0.032911,0.020229,0.007591,-0.174135,16.595852,-10.200852,3.827973,-37.0,3.0,39.0,-5.0,-34.0,2.0,38.0,-6.0,4,0,0,0,1,2,4,3,linear,alphabeta,True,1.0,4
67,2025-03-11 09:30:00,0.20528,0.228119,0.253891,0.196522,0.22662,0.02284,0.048611,0.008758,0.021341,11.126233,23.680613,-4.266256,10.395904,-34.0,2.0,38.0,-6.0,-35.0,1.0,41.0,-7.0,0,0,4,0,3,2,4,1,alphabeta,alphabeta,False,1.0,4
68,2025-03-11 10:00:00,0.208823,0.245576,0.259481,0.204713,0.23501,0.036753,0.050658,0.00411,0.026187,17.599855,24.258825,-1.968391,12.540125,-35.0,1.0,41.0,-7.0,-36.0,0.0,44.0,-8.0,0,0,4,0,3,2,4,1,alphabeta,alphabeta,False,1.0,4
69,2025-03-11 10:30:00,0.206905,0.250583,0.251353,0.20878,0.23522,0.043678,0.044448,0.001875,0.028315,21.110178,21.482413,0.906392,13.684983,-36.0,0.0,44.0,-8.0,-37.0,-1.0,47.0,-9.0,0,0,4,0,3,2,4,1,alphabeta,alphabeta,False,1.0,4
70,2025-03-11 11:00:00,0.222163,0.243906,0.232081,0.207441,0.228383,0.021744,0.009918,0.014722,0.00622,9.787327,4.464238,-6.626687,2.799959,-37.0,-1.0,47.0,-9.0,-38.0,-2.0,46.0,-6.0,0,0,0,4,4,1,2,3,kalman,alphabeta,True,1.0,4
71,2025-03-11 11:30:00,0.205882,0.240681,0.222153,0.221262,0.233042,0.034799,0.016271,0.01538,0.02716,16.902166,7.903028,7.470381,13.192071,-38.0,-2.0,46.0,-6.0,-39.0,-3.0,49.0,-7.0,0,0,4,0,4,3,2,1,alphabeta,alphabeta,False,1.0,4
72,2025-03-11 12:00:00,0.208146,0.227894,0.199887,0.207915,0.220017,0.019748,0.008259,0.000231,0.011871,9.487454,-3.967938,-0.111139,5.703323,-39.0,-3.0,49.0,-7.0,-40.0,-4.0,52.0,-8.0,0,0,4,0,4,3,2,1,alphabeta,alphabeta,False,1.0,4
73,2025-03-11 12:30:00,0.211344,0.219577,0.188054,0.208693,0.213393,0.008233,0.02329,0.002651,0.002049,3.895376,-11.019796,-1.254457,0.96933,-40.0,-4.0,52.0,-8.0,-41.0,-5.0,51.0,-5.0,0,0,0,4,3,1,4,2,kalman,alphabeta,True,1.0,4
74,2025-03-11 13:00:00,0.206829,0.214358,0.187854,0.211712,0.212026,0.007529,0.018975,0.004883,0.005197,3.639971,-9.174443,2.360977,2.512743,-41.0,-5.0,51.0,-5.0,-42.0,-6.0,54.0,-6.0,0,0,4,0,3,2,4,1,alphabeta,alphabeta,False,1.0,4
75,2025-03-11 13:30:00,0.201238,0.210005,0.189077,0.20794,0.207772,0.008767,0.01216,0.006702,0.006534,4.35671,-6.042727,3.330357,3.247044,-42.0,-6.0,54.0,-6.0,-43.0,-7.0,53.0,-3.0,0,0,0,4,3,1,4,2,kalman,alphabeta,True,1.0,4
76,2025-03-11 14:00:00,0.201076,0.204434,0.188927,0.202426,0.201403,0.003358,0.012148,0.00135,0.000327,1.67005,-6.041711,0.671347,0.162524,-43.0,-7.0,53.0,-3.0,-44.0,-8.0,52.0,0.0,0,0,0,4,3,1,4,2,kalman,alphabeta,True,1.0,4
77,2025-03-11 14:30:00,0.19953,0.20048,0.189618,0.201713,0.198555,0.00095,0.009912,0.002183,0.000975,0.47635,-4.967592,1.094123,-0.488735,-44.0,-8.0,52.0,0.0,-41.0,-9.0,51.0,-1.0,4,0,0,0,1,2,4,3,linear,alphabeta,True,1.0,4
78,2025-03-11 15:00:00,0.197497,0.195899,0.191367,0.200296,0.19666,0.001598,0.00613,0.002799,0.000837,-0.809109,-3.103991,1.417431,-0.423786,-41.0,-9.0,51.0,-1.0,-42.0,-10.0,50.0,2.0,0,0,0,4,2,1,4,3,kalman,alphabeta,True,1.0,4
79,2025-03-11 15:30:00,0.199431,0.196541,0.191037,0.19836,0.194857,0.00289,0.008394,0.00107,0.004573,-1.449201,-4.208931,-0.536728,-2.293246,-42.0,-10.0,50.0,2.0,-43.0,-11.0,53.0,1.0,0,0,4,0,2,3,4,1,alphabeta,alphabeta,False,1.0,4
80,2025-03-11 16:00:00,0.206258,0.194977,0.193407,0.200088,0.196154,0.011281,0.012852,0.00617,0.010104,-5.469293,-6.230808,-2.991534,-4.898765,-43.0,-11.0,53.0,1.0,-44.0,-12.0,56.0,0.0,0,0,4,0,3,2,4,1,alphabeta,alphabeta,False,1.0,4
81,2025-03-11 16:30:00,0.210461,0.198327,0.201317,0.206626,0.202724,0.012134,0.009144,0.003835,0.007738,-5.765369,-4.344899,-1.822142,-3.676551,-44.0,-12.0,56.0,0.0,-45.0,-13.0,59.0,-1.0,0,0,4,0,4,2,3,1,alphabeta,alphabeta,False,1.0,4
82,2025-03-11 17:00:00,0.213151,0.205124,0.212312,0.211235,0.209514,0.008028,0.000839,0.001916,0.003637,-3.766222,-0.393594,-0.898954,-1.706302,-45.0,-13.0,59.0,-1.0,-46.0,-10.0,58.0,-2.0,0,4,0,0,4,3,1,2,poly,alphabeta,True,1.0,4
83,2025-03-11 17:30:00,0.214519,0.211747,0.21632,0.214269,0.214681,0.002772,0.001802,0.000249,0.000163,-1.292065,0.839992,-0.116285,0.075898,-46.0,-10.0,58.0,-2.0,-47.0,-11.0,57.0,1.0,0,0,0,4,4,1,3,2,kalman,alphabeta,True,1.0,4
84,2025-03-11 18:00:00,0.216524,0.216379,0.222668,0.215929,0.217618,0.000144,0.006145,0.000595,0.001094,-0.06671,2.8378,-0.274675,0.505427,-47.0,-11.0,57.0,1.0,-44.0,-12.0,56.0,0.0,4,0,0,0,1,3,4,2,linear,alphabeta,True,1.0,4
85,2025-03-11 18:30:00,0.241303,0.220534,0.226641,0.217977,0.219792,0.020769,0.014662,0.023326,0.021511,-8.607187,-6.076068,-9.666787,-8.914721,-44.0,-12.0,56.0,0.0,-45.0,-9.0,55.0,-1.0,0,4,0,0,2,3,1,4,poly,alphabeta,True,1.0,4
86,2025-03-11 19:00:00,0.267918,0.23487,0.244103,0.240784,0.239452,0.033047,0.023815,0.027134,0.028465,-12.334839,-8.888962,-10.127734,-10.624609,-45.0,-9.0,55.0,-1.0,-46.0,-6.0,54.0,-2.0,0,4,0,0,4,3,1,2,poly,alphabeta,True,1.0,4
87,2025-03-11 19:30:00,0.240192,0.257313,0.27286,0.267327,0.26898,0.017121,0.032668,0.027135,0.028788,7.127955,13.600905,11.297048,11.985441,-46.0,-6.0,54.0,-2.0,-43.0,-7.0,53.0,-3.0,4,0,0,0,1,3,4,2,linear,alphabeta,True,1.0,4
88,2025-03-11 20:00:00,0.239272,0.259038,0.268008,0.244784,0.259495,0.019766,0.028736,0.005512,0.020223,8.260896,12.009708,2.303846,8.451959,-43.0,-7.0,53.0,-3.0,-44.0,-8.0,56.0,-4.0,0,0,4,0,2,3,4,1,alphabeta,alphabeta,False,1.0,4
89,2025-03-11 20:30:00,0.205197,0.258374,0.258921,0.241656,0.250808,0.053177,0.053724,0.03646,0.045611,25.915113,26.181603,17.768131,22.227863,-44.0,-8.0,56.0,-4.0,-45.0,-9.0,59.0,-5.0,0,0,4,0,3,2,4,1,alphabeta,alphabeta,False,1.0,4
90,2025-03-11 21:00:00,0.197754,0.238636,0.223459,0.210299,0.218075,0.040882,0.025706,0.012545,0.020321,20.67339,12.998778,6.343697,10.275865,-45.0,-9.0,59.0,-5.0,-46.0,-10.0,62.0,-6.0,0,0,4,0,4,2,3,1,alphabeta,alphabeta,False,1.0,4
91,2025-03-11 21:30:00,0.190714,0.216702,0.193282,0.200301,0.195789,0.025988,0.002567,0.009587,0.005075,13.62657,1.346138,5.026696,2.660843,-46.0,-10.0,62.0,-6.0,-47.0,-7.0,61.0,-7.0,0,4,0,0,4,2,1,3,poly,alphabeta,True,1.0,4
92,2025-03-11 22:00:00,0.193645,0.193386,0.169638,0.19278,0.181275,0.000259,0.024006,0.000865,0.01237,-0.133503,-12.397166,-0.446705,-6.387802,-47.0,-7.0,61.0,-7.0,-44.0,-8.0,60.0,-8.0,4,0,0,0,1,3,4,2,linear,alphabeta,True,1.0,4
93,2025-03-11 22:30:00,0.199337,0.174802,0.159076,0.194522,0.179387,0.024535,0.040262,0.004815,0.01995,-12.308423,-20.197854,-2.415576,-10.00837,-44.0,-8.0,60.0,-8.0,-45.0,-9.0,63.0,-9.0,0,0,4,0,3,2,4,1,alphabeta,alphabeta,False,1.0,4
94,2025-03-11 23:00:00,0.197913,0.170365,0.16186,0.199616,0.185979,0.027547,0.036053,0.001703,0.011933,-13.91895,-18.216462,0.860692,-6.029674,-45.0,-9.0,63.0,-9.0,-46.0,-10.0,66.0,-10.0,0,0,4,0,3,2,4,1,alphabeta,alphabeta,False,1.0,4
95,2025-03-11 23:30:00,0.177724,0.179218,0.170104,0.198558,0.190388,0.001494,0.00762,0.020834,0.012664,0.840683,-4.287472,11.722849,7.125716,-46.0,-10.0,66.0,-10.0,-43.0,-11.0,65.0,-11.0,4,0,0,0,1,3,2,4,linear,alphabeta,True,1.0,4
96,2025-03-12 00:00:00,0.137972,0.175574,0.169514,0.179823,0.177975,0.037603,0.031543,0.041851,0.040003,27.253754,22.86162,30.333071,28.993548,-43.0,-11.0,65.0,-11.0,-44.0,-8.0,64.0,-12.0,0,4,0,0,2,3,1,4,poly,alphabeta,True,1.0,4
97,2025-03-12 00:30:00,0.11355,0.158419,0.149555,0.141625,0.14154,0.044869,0.036006,0.028075,0.02799,39.515268,31.709193,24.725246,24.650129,-44.0,-8.0,64.0,-12.0,-45.0,-9.0,63.0,-9.0,0,0,0,4,4,1,3,2,kalman,alphabeta,True,1.0,4
98,2025-03-12 01:00:00,0.092064,0.127737,0.119477,0.115402,0.106301,0.035673,0.027413,0.023338,0.014237,38.748389,29.776318,25.35036,15.46445,-45.0,-9.0,63.0,-9.0,-46.0,-10.0,62.0,-6.0,0,0,0,4,4,1,3,2,kalman,alphabeta,True,1.0,4
99,2025-03-12 01:30:00,0.075361,0.093473,0.076937,0.093164,0.076089,0.018112,0.001577,0.017804,0.000728,24.034136,2.092025,23.624403,0.9661,-46.0,-10.0,62.0,-6.0,-47.0,-11.0,61.0,-3.0,0,0,0,4,4,1,2,3,kalman,alphabeta,True,1.0,4
100,2025-03-12 02:00:00,0.063322,0.059667,0.044253,0.075705,0.053537,0.003655,0.019069,0.012383,0.009785,-5.77183,-30.114689,19.555101,-15.452792,-47.0,-11.0,61.0,-3.0,-44.0,-12.0,60.0,-4.0,4,0,0,0,1,2,4,3,linear,alphabeta,True,1.0,4
101,2025-03-12 02:30:00,0.054443,0.033248,0.016252,0.06302,0.039073,0.021195,0.038191,0.008577,0.01537,-38.930591,-70.148552,15.754566,-28.231249,-44.0,-12.0,60.0,-4.0,-45.0,-13.0,63.0,-5.0,0,0,4,0,3,2,4,1,alphabeta,alphabeta,False,1.0,4
102,2025-03-12 03:00:00,0.047072,0.018385,0.00717,0.053539,0.030995,0.028687,0.039902,0.006467,0.016078,-60.942305,-84.767578,13.738562,-34.155196,-45.0,-13.0,63.0,-5.0,-46.0,-14.0,66.0,-6.0,0,0,4,0,3,2,4,1,alphabeta,alphabeta,False,1.0,4
103,2025-03-12 03:30:00,0.040676,0.014853,0.009145,0.046049,0.026627,0.025823,0.031531,0.005373,0.014049,-63.484826,-77.516925,13.208702,-34.537739,-46.0,-14.0,66.0,-6.0,-47.0,-15.0,69.0,-7.0,0,0,4,0,3,2,4,1,alphabeta,alphabeta,False,1.0,4
104,2025-03-12 04:00:00,0.036166,0.017074,0.019903,0.039455,0.023973,0.019092,0.016262,0.00329,0.012193,-52.790021,-44.96667,9.096691,-33.713268,-47.0,-15.0,69.0,-7.0,-48.0,-16.0,72.0,-8.0,0,0,4,0,4,2,3,1,alphabeta,alphabeta,False,1.0,4
105,2025-03-12 04:30:00,0.034021,0.017526,0.032915,0.034678,0.02275,0.016495,0.001107,0.000656,0.011272,-48.485575,-3.252846,1.9294,-33.130868,-48.0,-16.0,72.0,-8.0,-49.0,-17.0,75.0,-9.0,0,0,4,0,4,3,2,1,alphabeta,alphabeta,False,1.0,4
106,2025-03-12 05:00:00,0.034805,0.019092,0.042247,0.032306,0.023309,0.015713,0.007442,0.002499,0.011496,-45.146893,21.383209,-7.179698,-33.028903,-49.0,-17.0,75.0,-9.0,-50.0,-18.0,78.0,-10.0,0,0,4,0,4,3,2,1,alphabeta,alphabeta,False,1.0,4
107,2025-03-12 05:30:00,0.039576,0.021896,0.045368,0.032844,0.026359,0.017679,0.005792,0.006732,0.013216,-44.672051,14.635865,-17.00937,-33.394812,-50.0,-18.0,78.0,-10.0,-51.0,-15.0,77.0,-11.0,0,4,0,0,4,3,1,2,poly,alphabeta,True,1.0,4
108,2025-03-12 06:00:00,0.050262,0.027256,0.046883,0.037255,0.033119,0.023006,0.00338,0.013007,0.017143,-45.772549,-6.723894,-25.878387,-34.108099,-51.0,-15.0,77.0,-11.0,-52.0,-12.0,76.0,-12.0,0,4,0,0,4,3,1,2,poly,alphabeta,True,1.0,4
109,2025-03-12 06:30:00,0.06751,0.037493,0.057357,0.047458,0.04567,0.030017,0.010154,0.020053,0.021841,-44.462677,-15.039978,-29.702951,-32.351426,-52.0,-12.0,76.0,-12.0,-53.0,-9.0,75.0,-13.0,0,4,0,0,4,3,1,2,poly,alphabeta,True,1.0,4
110,2025-03-12 07:00:00,0.099782,0.054583,0.076042,0.064218,0.065422,0.045199,0.02374,0.035564,0.03436,-45.297863,-23.791981,-35.641661,-34.435065,-53.0,-9.0,75.0,-13.0,-54.0,-6.0,74.0,-14.0,0,4,0,0,4,2,1,3,poly,alphabeta,True,1.0,4
111,2025-03-12 07:30:00,0.138437,0.083776,0.110775,0.095276,0.09947,0.054661,0.027662,0.043161,0.038967,-39.484301,-19.98169,-31.177449,-28.147933,-54.0,-6.0,74.0,-14.0,-55.0,-3.0,73.0,-15.0,0,4,0,0,4,2,1,3,poly,alphabeta,True,1.0,4
112,2025-03-12 08:00:00,0.171125,0.124365,0.159026,0.133545,0.144185,0.04676,0.012099,0.03758,0.02694,-27.324839,-7.070167,-21.960532,-15.742694,-55.0,-3.0,73.0,-15.0,-56.0,0.0,72.0,-16.0,0,4,0,0,4,2,1,3,poly,alphabeta,True,1.0,4
113,2025-03-12 08:30:00,0.189902,0.169212,0.208456,0.167135,0.18748,0.02069,0.018554,0.022767,0.002423,-10.895162,9.770197,-11.988897,-1.27579,-56.0,0.0,72.0,-16.0,-57.0,-1.0,71.0,-13.0,0,0,0,4,3,1,2,4,kalman,alphabeta,True,1.0,4
114,2025-03-12 09:00:00,0.205445,0.208223,0.244362,0.187602,0.217098,0.002777,0.038917,0.017843,0.011653,1.351833,18.942638,-8.685147,5.671922,-57.0,-1.0,71.0,-13.0,-54.0,-2.0,70.0,-14.0,4,0,0,0,1,2,4,3,linear,alphabeta,True,1.0,4
115,2025-03-12 09:30:00,0.212363,0.238583,0.265798,0.203806,0.236186,0.02622,0.053435,0.008556,0.023823,12.346881,25.162211,-4.029118,11.218068,-54.0,-2.0,70.0,-14.0,-55.0,-3.0,73.0,-15.0,0,0,4,0,3,2,4,1,alphabeta,alphabeta,False,1.0,4
116,2025-03-12 10:00:00,0.217142,0.255823,0.269757,0.211722,0.243344,0.038681,0.052616,0.00542,0.026203,17.813741,24.231077,-2.496078,12.067065,-55.0,-3.0,73.0,-15.0,-56.0,-4.0,76.0,-16.0,0,0,4,0,3,2,4,1,alphabeta,alphabeta,False,1.0,4
117,2025-03-12 10:30:00,0.214125,0.260756,0.260794,0.216653,0.243745,0.04663,0.046668,0.002528,0.02962,21.777119,21.794827,1.180478,13.832969,-56.0,-4.0,76.0,-16.0,-57.0,-5.0,79.0,-17.0,0,0,4,0,3,2,4,1,alphabeta,alphabeta,False,1.0,4
118,2025-03-12 11:00:00,0.232715,0.252461,0.239662,0.214195,0.236087,0.019746,0.006946,0.01852,0.003372,8.484892,2.984967,-7.95821,1.448909,-57.0,-5.0,79.0,-17.0,-58.0,-6.0,78.0,-14.0,0,0,0,4,4,1,2,3,kalman,alphabeta,True,1.0,4
119,2025-03-12 11:30:00,0.21345,0.249277,0.230802,0.231132,0.242911,0.035827,0.017351,0.017681,0.02946,16.784655,8.128954,8.283507,13.801852,-58.0,-6.0,78.0,-14.0,-59.0,-3.0,77.0,-15.0,0,4,0,0,4,3,1,2,poly,alphabeta,True,1.0,4
120,2025-03-12 12:00:00,0.215827,0.236024,0.206824,0.215294,0.228601,0.020198,0.009003,0.000533,0.012774,9.358308,-4.171363,-0.246845,5.918793,-59.0,-3.0,77.0,-15.0,-60.0,-4.0,80.0,-16.0,0,0,4,0,4,3,2,1,alphabeta,alphabeta,False,1.0,4
121,2025-03-12 12:30:00,0.208398,0.227596,0.194083,0.216152,0.221314,0.019199,0.014314,0.007754,0.012916,9.212515,-6.868814,3.720779,6.197948,-60.0,-4.0,80.0,-16.0,-61.0,-5.0,83.0,-17.0,0,0,4,0,4,2,3,1,alphabeta,alphabeta,False,1.0,4
122,2025-03-12 13:00:00,0.207696,0.217371,0.186436,0.209509,0.211292,0.009674,0.021261,0.001812,0.003596,4.65791,-10.236465,0.87266,1.731227,-61.0,-5.0,83.0,-17.0,-62.0,-6.0,86.0,-18.0,0,0,4,0,3,2,4,1,alphabeta,alphabeta,False,1.0,4
123,2025-03-12 13:30:00,0.206996,0.210364,0.186604,0.20825,0.20592,0.003368,0.020392,0.001254,0.001076,1.62693,-9.851531,0.605911,-0.519827,-62.0,-6.0,86.0,-18.0,-63.0,-7.0,85.0,-15.0,0,0,0,4,3,1,4,2,kalman,alphabeta,True,1.0,4
124,2025-03-12 14:00:00,0.204962,0.205236,0.189336,0.20745,0.20347,0.000275,0.015625,0.002488,0.001491,0.13399,-7.623558,1.21404,-0.727675,-63.0,-7.0,85.0,-15.0,-60.0,-8.0,84.0,-16.0,4,0,0,0,1,2,4,3,linear,alphabeta,True,1.0,4
125,2025-03-12 14:30:00,0.204045,0.201373,0.191034,0.205467,0.201567,0.002672,0.013011,0.001422,0.002478,-1.309472,-6.376559,0.696724,-1.214578,-60.0,-8.0,84.0,-16.0,-61.0,-9.0,87.0,-17.0,0,0,4,0,3,2,4,1,alphabeta,alphabeta,False,1.0,4
126,2025-03-12 15:00:00,0.194723,0.197279,0.19393,0.204446,0.200743,0.002556,0.000793,0.009723,0.006019,1.312618,-0.407171,4.993372,3.091265,-61.0,-9.0,87.0,-17.0,-62.0,-6.0,86.0,-18.0,0,4,0,0,2,3,1,4,poly,alphabeta,True,1.0,4
127,2025-03-12 15:30:00,0.197308,0.196244,0.189933,0.196033,0.19377,0.001064,0.007375,0.001274,0.003538,-0.539196,-3.73778,-0.64586,-1.793227,-62.0,-6.0,86.0,-18.0,-59.0,-7.0,85.0,-19.0,4,0,0,0,1,3,4,2,linear,alphabeta,True,1.0,4
128,2025-03-12 16:00:00,0.204355,0.193691,0.191034,0.197861,0.193049,0.010664,0.013321,0.006493,0.011306,-5.218146,-6.518586,-3.177497,-5.532515,-59.0,-7.0,85.0,-19.0,-60.0,-8.0,88.0,-20.0,0,0,4,0,2,3,4,1,alphabeta,alphabeta,False,1.0,4
129,2025-03-12 16:30:00,0.206159,0.19724,0.198521,0.20463,0.199141,0.008919,0.007637,0.001529,0.007018,-4.326212,-3.704664,-0.741628,-3.404219,-60.0,-8.0,88.0,-20.0,-61.0,-9.0,91.0,-21.0,0,0,4,0,4,2,3,1,alphabeta,alphabeta,False,1.0,4
130,2025-03-12 17:00:00,0.211035,0.200267,0.208275,0.207112,0.204195,0.010768,0.00276,0.003923,0.00684,-5.10254,-1.307859,-1.858734,-3.241016,-61.0,-9.0,91.0,-21.0,-62.0,-6.0,90.0,-22.0,0,4,0,0,4,3,1,2,poly,alphabeta,True,1.0,4
131,2025-03-12 17:30:00,0.206029,0.205721,0.212036,0.211916,0.210551,0.000308,0.006007,0.005887,0.004523,-0.149352,2.915561,2.857263,2.195146,-62.0,-6.0,90.0,-22.0,-59.0,-7.0,89.0,-23.0,4,0,0,0,1,2,4,3,linear,alphabeta,True,1.0,4
132,2025-03-12 18:00:00,0.207816,0.208065,0.213697,0.207922,0.20941,0.000249,0.005881,0.000107,0.001594,0.119816,2.830118,0.051294,0.767128,-59.0,-7.0,89.0,-23.0,-60.0,-8.0,92.0,-24.0,0,0,4,0,2,3,4,1,alphabeta,alphabeta,False,1.0,4
133,2025-03-12 18:30:00,0.209805,0.210679,0.213659,0.209197,0.209634,0.000874,0.003855,0.000607,0.000171,0.416683,1.837205,-0.28945,-0.0813,-60.0,-8.0,92.0,-24.0,-61.0,-9.0,91.0,-21.0,0,0,0,4,3,1,4,2,kalman,alphabeta,True,1.0,4
134,2025-03-12 19:00:00,0.212275,0.213654,0.21528,0.211177,0.210913,0.001379,0.003005,0.001097,0.001361,0.649817,1.415765,-0.516854,-0.641302,-61.0,-9.0,91.0,-21.0,-62.0,-10.0,94.0,-22.0,0,0,4,0,3,2,4,1,alphabeta,alphabeta,False,1.0,4
135,2025-03-12 19:30:00,0.200636,0.213918,0.216829,0.213659,0.213161,0.013282,0.016194,0.013023,0.012525,6.620143,8.071148,6.491057,6.24264,-62.0,-10.0,94.0,-22.0,-63.0,-11.0,93.0,-19.0,0,0,0,4,3,1,4,2,kalman,alphabeta,True,1.0,4
136,2025-03-12 20:00:00,0.196038,0.207405,0.207306,0.203336,0.204807,0.011367,0.011269,0.007298,0.00877,5.798514,5.748153,3.722726,4.473376,-63.0,-11.0,93.0,-19.0,-64.0,-12.0,96.0,-20.0,0,0,4,0,4,2,3,1,alphabeta,alphabeta,False,1.0,4
137,2025-03-12 20:30:00,0.1915,0.200753,0.196202,0.198107,0.196824,0.009253,0.004702,0.006607,0.005324,4.831972,2.4554,3.450144,2.780033,-64.0,-12.0,96.0,-20.0,-65.0,-9.0,95.0,-21.0,0,4,0,0,4,2,1,3,poly,alphabeta,True,1.0,4
138,2025-03-12 21:00:00,0.229173,0.193368,0.184548,0.193425,0.189739,0.035804,0.044624,0.035747,0.039434,-15.623347,-19.471993,-15.598331,-17.206943,-65.0,-9.0,95.0,-21.0,-66.0,-10.0,98.0,-22.0,0,0,4,0,2,3,4,1,alphabeta,alphabeta,False,1.0,4
139,2025-03-12 21:30:00,0.214583,0.208131,0.209095,0.227179,0.216629,0.006452,0.005488,0.012596,0.002046,-3.006551,-2.557358,5.870035,0.953585,-66.0,-10.0,98.0,-22.0,-67.0,-11.0,97.0,-19.0,0,0,0,4,3,1,2,4,kalman,alphabeta,True,1.0,4
140,2025-03-12 22:00:00,0.216812,0.211868,0.216662,0.217208,0.219118,0.004943,0.00015,0.000396,0.002306,-2.280038,-0.069082,0.182817,1.063788,-67.0,-11.0,97.0,-19.0,-68.0,-8.0,96.0,-20.0,0,4,0,0,4,3,1,2,poly,alphabeta,True,1.0,4
141,2025-03-12 22:30:00,0.219696,0.216442,0.222573,0.218071,0.220983,0.003254,0.002877,0.001624,0.001288,-1.481105,1.309664,-0.739223,0.586101,-68.0,-8.0,96.0,-20.0,-69.0,-9.0,95.0,-17.0,0,0,0,4,4,1,3,2,kalman,alphabeta,True,1.0,4
142,2025-03-12 23:00:00,0.214576,0.222203,0.228076,0.220502,0.223173,0.007627,0.0135,0.005926,0.008596,3.554345,6.291479,2.761551,4.006187,-69.0,-9.0,95.0,-17.0,-70.0,-10.0,98.0,-18.0,0,0,4,0,2,3,4,1,alphabeta,alphabeta,False,1.0,4
143,2025-03-12 23:30:00,0.194347,0.225228,0.224992,0.215769,0.219371,0.030881,0.030645,0.021422,0.025025,15.889588,15.768449,11.022491,12.876269,-70.0,-10.0,98.0,-18.0,-71.0,-11.0,101.0,-19.0,0,0,4,0,4,2,3,1,alphabeta,alphabeta,False,1.0,4
144,2025-03-13 00:00:00,0.150343,0.213734,0.207385,0.196622,0.200932,0.06339,0.057042,0.046279,0.050589,42.163754,37.941044,30.782061,33.648949,-71.0,-11.0,101.0,-19.0,-72.0,-12.0,104.0,-20.0,0,0,4,0,4,2,3,1,alphabeta,alphabeta,False,1.0,4
145,2025-03-13 00:30:00,0.122644,0.17927,0.161227,0.154506,0.157323,0.056626,0.038583,0.031862,0.034679,46.171393,31.459413,25.979714,28.276584,-72.0,-12.0,104.0,-20.0,-73.0,-13.0,107.0,-21.0,0,0,4,0,4,2,3,1,alphabeta,alphabeta,False,1.0,4
146,2025-03-13 01:00:00,0.098475,0.134232,0.109631,0.124927,0.115789,0.035757,0.011156,0.026452,0.017314,36.310846,11.328704,26.861829,17.582284,-73.0,-13.0,107.0,-21.0,-74.0,-10.0,106.0,-22.0,0,4,0,0,4,2,1,3,poly,alphabeta,True,1.0,4
147,2025-03-13 01:30:00,0.077737,0.097941,0.059415,0.099905,0.080737,0.020203,0.018322,0.022168,0.003,25.989396,-23.569776,28.516713,3.859544,-74.0,-10.0,106.0,-22.0,-75.0,-11.0,105.0,-19.0,0,0,0,4,3,1,2,4,kalman,alphabeta,True,1.0,4
148,2025-03-13 02:00:00,0.066093,0.060074,0.021843,0.078482,0.053345,0.00602,0.044251,0.012389,0.012748,-9.107899,-66.951569,18.744228,-19.288047,-75.0,-11.0,105.0,-19.0,-72.0,-12.0,104.0,-20.0,4,0,0,0,1,3,4,2,linear,alphabeta,True,1.0,4
149,2025-03-13 02:30:00,0.052766,0.031843,0.004032,0.065767,0.037676,0.020923,0.048734,0.013001,0.01509,-39.652672,-92.359214,24.639376,-28.597807,-72.0,-12.0,104.0,-20.0,-73.0,-13.0,107.0,-21.0,0,0,4,0,3,2,4,1,alphabeta,alphabeta,False,1.0,4
150,2025-03-13 03:00:00,0.045618,0.014126,0.003533,0.052205,0.02646,0.031492,0.042085,0.006587,0.019158,-69.033363,-92.254719,14.438978,-41.997195,-73.0,-13.0,107.0,-21.0,-74.0,-14.0,110.0,-22.0,0,0,4,0,3,2,4,1,alphabeta,alphabeta,False,1.0,4
151,2025-03-13 03:30:00,0.039549,0.008894,0.003802,0.044536,0.021531,0.030655,0.035746,0.004987,0.018018,-77.51265,-90.385381,12.608892,-45.558509,-74.0,-14.0,110.0,-22.0,-75.0,-15.0,113.0,-23.0,0,0,4,0,3,2,4,1,alphabeta,alphabeta,False,1.0,4
152,2025-03-13 04:00:00,0.036143,0.011504,0.01596,0.038218,0.019644,0.02464,0.020183,0.002075,0.0165,-68.172105,-55.841947,5.741805,-45.650614,-75.0,-15.0,113.0,-23.0,-76.0,-16.0,116.0,-24.0,0,0,4,0,4,2,3,1,alphabeta,alphabeta,False,1.0,4
153,2025-03-13 04:30:00,0.034341,0.013281,0.031268,0.034568,0.020267,0.02106,0.003073,0.000227,0.014073,-61.325995,-8.947797,0.662476,-40.981333,-76.0,-16.0,116.0,-24.0,-77.0,-17.0,119.0,-25.0,0,0,4,0,4,3,2,1,alphabeta,alphabeta,False,1.0,4
154,2025-03-13 05:00:00,0.03445,0.0165,0.04298,0.032578,0.022379,0.017951,0.00853,0.001873,0.012072,-52.105766,24.759471,-5.435434,-35.040368,-77.0,-17.0,119.0,-25.0,-78.0,-18.0,122.0,-26.0,0,0,4,0,4,3,2,1,alphabeta,alphabeta,False,1.0,4
155,2025-03-13 05:30:00,0.038555,0.020603,0.047844,0.032502,0.025813,0.017952,0.009289,0.006053,0.012742,-46.562024,24.094023,-15.698972,-33.049343,-78.0,-18.0,122.0,-26.0,-79.0,-19.0,125.0,-27.0,0,0,4,0,4,3,2,1,alphabeta,alphabeta,False,1.0,4
156,2025-03-13 06:00:00,0.049543,0.026212,0.049008,0.036266,0.032251,0.023332,0.000535,0.013277,0.017292,-47.093645,-1.080279,-26.799447,-34.903093,-79.0,-19.0,125.0,-27.0,-80.0,-16.0,124.0,-28.0,0,4,0,0,4,3,1,2,poly,alphabeta,True,1.0,4
157,2025-03-13 06:30:00,0.068971,0.037354,0.059192,0.046671,0.044872,0.031617,0.009779,0.0223,0.024099,-45.840816,-14.178007,-32.33234,-34.940944,-80.0,-16.0,124.0,-28.0,-81.0,-13.0,123.0,-29.0,0,4,0,0,4,3,1,2,poly,alphabeta,True,1.0,4
158,2025-03-13 07:00:00,0.102462,0.055224,0.078867,0.0655,0.066378,0.047238,0.023594,0.036961,0.036084,-46.102839,-23.027525,-36.073352,-35.21705,-81.0,-13.0,123.0,-29.0,-82.0,-10.0,122.0,-30.0,0,4,0,0,4,2,1,3,poly,alphabeta,True,1.0,4
159,2025-03-13 07:30:00,0.139896,0.08555,0.11457,0.097864,0.102224,0.054346,0.025327,0.042033,0.037672,-38.847323,-18.103829,-30.045502,-26.928748,-82.0,-10.0,122.0,-30.0,-83.0,-7.0,121.0,-31.0,0,4,0,0,4,2,1,3,poly,alphabeta,True,1.0,4
160,2025-03-13 08:00:00,0.17264,0.126336,0.162637,0.135152,0.146726,0.046304,0.010003,0.037488,0.025914,-26.821312,-5.794138,-21.714676,-15.010497,-83.0,-7.0,121.0,-31.0,-84.0,-4.0,120.0,-32.0,0,4,0,0,4,2,1,3,poly,alphabeta,True,1.0,4
161,2025-03-13 08:30:00,0.192535,0.171526,0.21084,0.168716,0.189753,0.021009,0.018305,0.023819,0.002782,-10.911836,9.507311,-12.371251,-1.444684,-84.0,-4.0,120.0,-32.0,-85.0,-5.0,119.0,-29.0,0,0,0,4,3,1,2,4,kalman,alphabeta,True,1.0,4
162,2025-03-13 09:00:00,0.210489,0.211394,0.247414,0.190174,0.219978,0.000905,0.036925,0.020315,0.009489,0.43006,17.542483,-9.651192,4.508106,-85.0,-5.0,119.0,-29.0,-82.0,-6.0,118.0,-30.0,4,0,0,0,1,2,4,3,linear,alphabeta,True,1.0,4
163,2025-03-13 09:30:00,0.209668,0.24333,0.271008,0.20873,0.24116,0.033662,0.06134,0.000938,0.031492,16.054794,29.255608,-0.447219,15.019909,-82.0,-6.0,118.0,-30.0,-83.0,-7.0,121.0,-31.0,0,0,4,0,3,2,4,1,alphabeta,alphabeta,False,1.0,4
164,2025-03-13 10:00:00,0.218251,0.257459,0.27043,0.209836,0.243153,0.039208,0.05218,0.008415,0.024902,17.964858,23.908068,-3.855438,11.409906,-83.0,-7.0,121.0,-31.0,-84.0,-8.0,124.0,-32.0,0,0,4,0,3,2,4,1,alphabeta,alphabeta,False,1.0,4
165,2025-03-13 10:30:00,0.21634,0.261471,0.260837,0.21774,0.243841,0.045131,0.044497,0.0014,0.027501,20.861125,20.568087,0.646961,12.711903,-84.0,-8.0,124.0,-32.0,-85.0,-9.0,127.0,-33.0,0,0,4,0,4,2,3,1,alphabeta,alphabeta,False,1.0,4
166,2025-03-13 11:00:00,0.22193,0.25339,0.239913,0.216776,0.237378,0.03146,0.017983,0.005154,0.015448,14.175606,8.10308,-2.322197,6.960689,-85.0,-9.0,127.0,-33.0,-86.0,-10.0,130.0,-34.0,0,0,4,0,4,2,3,1,alphabeta,alphabeta,False,1.0,4
167,2025-03-13 11:30:00,0.211904,0.244275,0.221662,0.221867,0.23471,0.032372,0.009758,0.009963,0.022806,15.276597,4.605096,4.701661,10.762602,-86.0,-10.0,130.0,-34.0,-87.0,-7.0,129.0,-35.0,0,4,0,0,4,3,1,2,poly,alphabeta,True,1.0,4
168,2025-03-13 12:00:00,0.2152,0.230717,0.199183,0.213282,0.223104,0.015517,0.016017,0.001918,0.007903,7.210361,-7.442847,-0.891222,3.672616,-87.0,-7.0,129.0,-35.0,-88.0,-8.0,132.0,-36.0,0,0,4,0,3,2,4,1,alphabeta,alphabeta,False,1.0,4
169,2025-03-13 12:30:00,0.213446,0.222786,0.18932,0.215446,0.21849,0.009341,0.024126,0.002,0.005044,4.376054,-11.302915,0.937019,2.363248,-88.0,-8.0,132.0,-36.0,-89.0,-9.0,135.0,-37.0,0,0,4,0,3,2,4,1,alphabeta,alphabeta,False,1.0,4
170,2025-03-13 13:00:00,0.176289,0.216524,0.18824,0.213729,0.214493,0.040235,0.011951,0.03744,0.038204,22.823096,6.779345,21.237953,21.671486,-89.0,-9.0,135.0,-37.0,-90.0,-6.0,134.0,-38.0,0,4,0,0,4,3,1,2,poly,alphabeta,True,1.0,4
171,2025-03-13 14:00:00,0.104265,0.195854,0.165389,0.179903,0.183479,0.091589,0.061125,0.075638,0.079214,87.843347,58.624688,72.544752,75.974258,-90.0,-6.0,134.0,-38.0,-91.0,-3.0,133.0,-39.0,0,4,0,0,4,3,1,2,poly,alphabeta,True,1.0,4
172,2025-03-13 14:30:00,0.198814,0.142543,0.100302,0.11091,0.112485,0.056271,0.098513,0.087905,0.086329,-28.303267,-49.550064,-44.214469,-43.422039,-91.0,-3.0,133.0,-39.0,-88.0,-4.0,132.0,-40.0,4,0,0,0,1,2,4,3,linear,alphabeta,True,1.0,4
173,2025-03-13 15:00:00,0.191786,0.150866,0.132936,0.189961,0.154928,0.04092,0.05885,0.001825,0.036857,-21.336164,-30.685208,-0.951568,-19.217996,-88.0,-4.0,132.0,-40.0,-89.0,-5.0,135.0,-41.0,0,0,4,0,3,2,4,1,alphabeta,alphabeta,False,1.0,4
174,2025-03-13 15:30:00,0.196317,0.157075,0.156905,0.191606,0.176341,0.039242,0.039412,0.004711,0.019976,-19.989348,-20.075732,-2.399745,-10.17541,-89.0,-5.0,135.0,-41.0,-90.0,-6.0,138.0,-42.0,0,0,4,0,3,2,4,1,alphabeta,alphabeta,False,1.0,4
175,2025-03-13 16:00:00,0.202142,0.170176,0.179485,0.196068,0.192097,0.031966,0.022656,0.006073,0.010045,-15.813491,-11.208007,-3.004406,-4.969091,-90.0,-6.0,138.0,-42.0,-91.0,-7.0,141.0,-43.0,0,0,4,0,4,2,3,1,alphabeta,alphabeta,False,1.0,4
176,2025-03-13 16:30:00,0.204288,0.185353,0.204442,0.202185,0.204174,0.018935,0.000154,0.002103,0.000114,-9.268793,0.075376,-1.029421,-0.05564,-91.0,-7.0,141.0,-43.0,-92.0,-8.0,140.0,-40.0,0,0,0,4,4,1,2,3,kalman,alphabeta,True,1.0,4
177,2025-03-13 17:00:00,0.208172,0.203826,0.222519,0.204953,0.210534,0.004346,0.014346,0.003219,0.002361,-2.087635,6.891611,-1.546433,1.134284,-92.0,-8.0,140.0,-40.0,-93.0,-9.0,139.0,-37.0,0,0,0,4,3,1,4,2,kalman,alphabeta,True,1.0,4
178,2025-03-13 17:30:00,0.204698,0.224785,0.23676,0.208945,0.214977,0.020087,0.032061,0.004247,0.010279,9.812763,15.662726,2.074769,5.021473,-93.0,-9.0,139.0,-37.0,-94.0,-10.0,142.0,-38.0,0,0,4,0,3,2,4,1,alphabeta,alphabeta,False,1.0,4
179,2025-03-13 18:00:00,0.204024,0.231301,0.236892,0.206336,0.212732,0.027277,0.032869,0.002312,0.008708,13.369434,16.110186,1.133027,4.268152,-94.0,-10.0,142.0,-38.0,-95.0,-11.0,145.0,-39.0,0,0,4,0,3,2,4,1,alphabeta,alphabeta,False,1.0,4
180,2025-03-13 18:30:00,0.206844,0.208713,0.231522,0.205528,0.209606,0.001869,0.024679,0.001316,0.002763,0.903575,11.93111,-0.635988,1.335621,-95.0,-11.0,145.0,-39.0,-96.0,-12.0,148.0,-40.0,0,0,4,0,2,3,4,1,alphabeta,alphabeta,False,1.0,4
181,2025-03-13 19:00:00,0.210698,0.210614,0.219046,0.208105,0.20935,8.4e-05,0.008348,0.002593,0.001347,-0.039901,3.962272,-1.230677,-0.63949,-96.0,-12.0,148.0,-40.0,-93.0,-13.0,147.0,-41.0,4,0,0,0,1,2,4,3,linear,alphabeta,True,1.0,4
182,2025-03-13 19:30:00,0.203505,0.211072,0.200624,0.211908,0.211748,0.007567,0.00288,0.008403,0.008243,3.718291,-1.415334,4.12933,4.050444,-93.0,-13.0,147.0,-41.0,-94.0,-10.0,146.0,-42.0,0,4,0,0,2,3,1,4,poly,alphabeta,True,1.0,4
183,2025-03-13 20:00:00,0.197903,0.207525,0.183915,0.205777,0.206907,0.009622,0.013987,0.007875,0.009005,4.862079,-7.067757,3.979097,4.549988,-94.0,-10.0,146.0,-42.0,-95.0,-11.0,149.0,-43.0,0,0,4,0,3,2,4,1,alphabeta,alphabeta,False,1.0,4
184,2025-03-13 20:30:00,0.180881,0.202487,0.198724,0.200068,0.199777,0.021606,0.017843,0.019187,0.018896,11.944663,9.864426,10.607385,10.44639,-95.0,-11.0,149.0,-43.0,-96.0,-8.0,148.0,-44.0,0,4,0,0,4,2,1,3,poly,alphabeta,True,1.0,4
185,2025-03-13 21:00:00,0.176199,0.190159,0.179393,0.183999,0.183047,0.013961,0.003195,0.0078,0.006849,7.923258,1.81314,4.427005,3.886896,-96.0,-8.0,148.0,-44.0,-97.0,-5.0,147.0,-45.0,0,4,0,0,4,2,1,3,poly,alphabeta,True,1.0,4
186,2025-03-13 21:30:00,0.176294,0.179385,0.166769,0.178097,0.171875,0.003091,0.009525,0.001803,0.004419,1.753388,-5.402858,1.022604,-2.50639,-97.0,-5.0,147.0,-45.0,-98.0,-6.0,150.0,-46.0,0,0,4,0,2,3,4,1,alphabeta,alphabeta,False,1.0,4
187,2025-03-13 22:00:00,0.168626,0.170844,0.161297,0.177539,0.168125,0.002218,0.007328,0.008913,0.0005,1.315591,-4.345872,5.285791,-0.296731,-98.0,-6.0,150.0,-46.0,-99.0,-7.0,149.0,-43.0,0,0,0,4,2,1,3,4,kalman,alphabeta,True,1.0,4
188,2025-03-13 22:30:00,0.165539,0.161271,0.154567,0.1704,0.162213,0.004268,0.010972,0.00486,0.003327,-2.578298,-6.628042,2.936114,-2.009582,-99.0,-7.0,149.0,-43.0,-100.0,-8.0,148.0,-40.0,0,0,0,4,2,1,4,3,kalman,alphabeta,True,1.0,4
189,2025-03-13 23:00:00,0.151026,0.154955,0.151363,0.166699,0.158617,0.003928,0.000337,0.015672,0.007591,2.601095,0.223168,10.37732,5.026102,-100.0,-8.0,148.0,-40.0,-101.0,-5.0,147.0,-41.0,0,4,0,0,2,3,1,4,poly,alphabeta,True,1.0,4
190,2025-03-13 23:30:00,0.141931,0.147184,0.14102,0.152834,0.147151,0.005253,0.000911,0.010904,0.00522,3.701312,-0.641827,7.682445,3.678118,-101.0,-5.0,147.0,-41.0,-102.0,-2.0,146.0,-42.0,0,4,0,0,3,2,1,4,poly,alphabeta,True,1.0,4
191,2025-03-14 00:00:00,0.12529,0.13869,0.132248,0.142854,0.135983,0.0134,0.006958,0.017564,0.010693,10.69482,5.553537,14.018964,8.534595,-102.0,-2.0,146.0,-42.0,-103.0,1.0,145.0,-43.0,0,4,0,0,3,2,1,4,poly,alphabeta,True,1.0,4
192,2025-03-14 00:30:00,0.104334,0.126471,0.118884,0.126451,0.119455,0.022137,0.01455,0.022116,0.015121,21.217595,13.945713,21.197592,14.492581,-103.0,1.0,145.0,-43.0,-104.0,4.0,144.0,-44.0,0,4,0,0,4,2,1,3,poly,alphabeta,True,1.0,4
193,2025-03-14 01:00:00,0.091233,0.105476,0.097894,0.105583,0.097261,0.014244,0.006661,0.014351,0.006029,15.612414,7.301157,15.729989,6.60807,-104.0,4.0,144.0,-44.0,-105.0,3.0,143.0,-41.0,0,0,0,4,3,1,2,4,kalman,alphabeta,True,1.0,4
194,2025-03-14 01:30:00,0.074336,0.084459,0.07604,0.091422,0.079086,0.010123,0.001704,0.017086,0.004749,13.61762,2.292072,22.984359,6.389039,-105.0,3.0,143.0,-41.0,-106.0,6.0,142.0,-42.0,0,4,0,0,3,2,1,4,poly,alphabeta,True,1.0,4
195,2025-03-14 02:00:00,0.062163,0.064132,0.053613,0.074652,0.060674,0.001969,0.00855,0.012489,0.001489,3.167079,-13.753634,20.090094,-2.394837,-106.0,6.0,142.0,-42.0,-107.0,5.0,141.0,-39.0,0,0,0,4,2,1,3,4,kalman,alphabeta,True,1.0,4
196,2025-03-14 02:30:00,0.053444,0.045903,0.034535,0.061818,0.046175,0.007541,0.018909,0.008373,0.007269,-14.110777,-35.380734,15.667476,-13.601589,-107.0,5.0,141.0,-39.0,-108.0,4.0,140.0,-36.0,0,0,0,4,2,1,4,3,kalman,alphabeta,True,1.0,4
197,2025-03-14 03:00:00,0.048058,0.033619,0.025824,0.052628,0.036511,0.014438,0.022234,0.00457,0.011547,-30.044011,-46.26474,9.510423,-24.027055,-108.0,4.0,140.0,-36.0,-109.0,3.0,143.0,-37.0,0,0,4,0,3,2,4,1,alphabeta,alphabeta,False,1.0,4
198,2025-03-14 03:30:00,0.040261,0.025469,0.024939,0.046765,0.031691,0.014792,0.015322,0.006503,0.00857,-36.740564,-38.057015,16.152762,-21.286418,-109.0,3.0,143.0,-37.0,-110.0,2.0,146.0,-38.0,0,0,4,0,3,2,4,1,alphabeta,alphabeta,False,1.0,4
199,2025-03-14 04:00:00,0.035461,0.021205,0.024747,0.03919,0.026911,0.014256,0.010714,0.003729,0.00855,-40.202327,-30.213711,10.514449,-24.111042,-110.0,2.0,146.0,-38.0,-111.0,1.0,149.0,-39.0,0,0,4,0,4,2,3,1,alphabeta,alphabeta,False,1.0,4
200,2025-03-14 04:30:00,0.035256,0.019491,0.027476,0.034037,0.023875,0.015765,0.00778,0.001219,0.011381,-44.716991,-22.068571,-3.45803,-32.279838,-111.0,1.0,149.0,-39.0,-112.0,0.0,152.0,-40.0,0,0,4,0,4,3,2,1,alphabeta,alphabeta,False,1.0,4
201,2025-03-14 05:00:00,0.034783,0.019814,0.031601,0.033367,0.024814,0.01497,0.003182,0.001416,0.00997,-43.036361,-9.148211,-4.07107,-28.662598,-112.0,0.0,152.0,-40.0,-113.0,-1.0,155.0,-41.0,0,0,4,0,4,3,2,1,alphabeta,alphabeta,False,1.0,4
202,2025-03-14 05:30:00,0.037945,0.022623,0.037222,0.033213,0.026984,0.015322,0.000723,0.004732,0.010961,-40.379245,-1.904161,-12.469838,-28.8868,-113.0,-1.0,155.0,-41.0,-114.0,2.0,154.0,-42.0,0,4,0,0,4,3,1,2,poly,alphabeta,True,1.0,4
203,2025-03-14 06:00:00,0.04909,0.027027,0.042644,0.036689,0.031979,0.022063,0.006447,0.012402,0.017112,-44.944796,-13.13202,-25.262927,-34.857649,-114.0,2.0,154.0,-42.0,-115.0,5.0,153.0,-43.0,0,4,0,0,4,3,1,2,poly,alphabeta,True,1.0,4
204,2025-03-14 06:30:00,0.068089,0.036554,0.053789,0.046299,0.044044,0.031535,0.014301,0.021791,0.024045,-46.314027,-21.00297,-32.002991,-35.314587,-115.0,5.0,153.0,-43.0,-116.0,8.0,152.0,-44.0,0,4,0,0,4,3,1,2,poly,alphabeta,True,1.0,4
205,2025-03-14 07:00:00,0.09517,0.053869,0.075379,0.064722,0.065057,0.041302,0.019791,0.030448,0.030114,-43.397718,-20.795483,-31.993292,-31.641979,-116.0,8.0,152.0,-44.0,-117.0,11.0,151.0,-45.0,0,4,0,0,4,2,1,3,poly,alphabeta,True,1.0,4
206,2025-03-14 07:30:00,0.128792,0.08123,0.106798,0.091196,0.095763,0.047562,0.021994,0.037596,0.033029,-36.929093,-17.076886,-29.191276,-25.645458,-117.0,11.0,151.0,-45.0,-118.0,14.0,150.0,-46.0,0,4,0,0,4,2,1,3,poly,alphabeta,True,1.0,4
207,2025-03-14 08:00:00,0.159282,0.117571,0.149303,0.124432,0.134939,0.041711,0.009979,0.03485,0.024343,-26.186786,-6.264908,-21.87925,-15.282968,-118.0,14.0,150.0,-46.0,-119.0,17.0,149.0,-47.0,0,4,0,0,4,2,1,3,poly,alphabeta,True,1.0,4
208,2025-03-14 08:30:00,0.180097,0.157956,0.193906,0.155531,0.174093,0.022141,0.013809,0.024566,0.006005,-12.29396,7.667494,-13.640635,-3.334195,-119.0,17.0,149.0,-47.0,-120.0,16.0,148.0,-44.0,0,0,0,4,3,1,2,4,kalman,alphabeta,True,1.0,4
209,2025-03-14 09:00:00,0.199812,0.19541,0.229185,0.177589,0.203878,0.004402,0.029374,0.022223,0.004067,-2.202921,14.700611,-11.121947,2.035193,-120.0,16.0,148.0,-44.0,-121.0,15.0,147.0,-41.0,0,0,0,4,2,1,4,3,kalman,alphabeta,True,1.0,4
210,2025-03-14 09:30:00,0.200507,0.227033,0.253838,0.197793,0.227006,0.026526,0.05333,0.002714,0.026499,13.229294,26.597719,-1.353605,13.215736,-121.0,15.0,147.0,-41.0,-122.0,14.0,150.0,-42.0,0,0,4,0,3,2,4,1,alphabeta,alphabeta,False,1.0,4
211,2025-03-14 10:00:00,0.202809,0.242451,0.2566,0.20047,0.231722,0.039643,0.053791,0.002339,0.028914,19.546968,26.523142,-1.153192,14.256654,-122.0,14.0,150.0,-42.0,-123.0,13.0,153.0,-43.0,0,0,4,0,3,2,4,1,alphabeta,alphabeta,False,1.0,4
212,2025-03-14 10:30:00,0.203679,0.245584,0.24608,0.202807,0.229104,0.041904,0.042401,0.000873,0.025424,20.57371,20.817456,-0.428425,12.482585,-123.0,13.0,153.0,-43.0,-124.0,12.0,156.0,-44.0,0,0,4,0,3,2,4,1,alphabeta,alphabeta,False,1.0,4
213,2025-03-14 11:00:00,0.212395,0.239467,0.226978,0.203801,0.22328,0.027071,0.014583,0.008594,0.010885,12.745751,6.865844,-4.046207,5.124848,-124.0,12.0,156.0,-44.0,-125.0,11.0,159.0,-45.0,0,0,4,0,4,2,3,1,alphabeta,alphabeta,False,1.0,4
214,2025-03-14 11:30:00,0.203926,0.232852,0.212731,0.211898,0.223627,0.028927,0.008805,0.007972,0.019701,14.184881,4.317749,3.909323,9.660994,-125.0,11.0,159.0,-45.0,-126.0,10.0,162.0,-46.0,0,0,4,0,4,3,2,1,alphabeta,alphabeta,False,1.0,4
215,2025-03-14 12:00:00,0.207732,0.221451,0.194121,0.205048,0.21483,0.013719,0.013611,0.002685,0.007098,6.603934,-6.552232,-1.292402,3.416708,-126.0,10.0,162.0,-46.0,-127.0,9.0,165.0,-47.0,0,0,4,0,4,2,3,1,alphabeta,alphabeta,False,1.0,4
216,2025-03-14 12:30:00,0.202109,0.214792,0.186068,0.20796,0.211862,0.012684,0.016041,0.005851,0.009753,6.275602,-7.936641,2.895099,4.82579,-127.0,9.0,165.0,-47.0,-128.0,8.0,168.0,-48.0,0,0,4,0,3,2,4,1,alphabeta,alphabeta,False,1.0,4
217,2025-03-14 13:00:00,0.190777,0.207564,0.181216,0.203157,0.205355,0.016788,0.009561,0.01238,0.014578,8.799614,-5.011592,6.489396,7.641619,-128.0,8.0,168.0,-48.0,-129.0,11.0,167.0,-49.0,0,4,0,0,4,3,1,2,poly,alphabeta,True,1.0,4
218,2025-03-14 13:30:00,0.196604,0.199353,0.17499,0.192349,0.193065,0.002749,0.021614,0.004255,0.00354,1.398131,-10.993888,-2.164255,-1.800423,-129.0,11.0,167.0,-49.0,-126.0,10.0,166.0,-50.0,4,0,0,0,1,2,4,3,linear,alphabeta,True,1.0,4
219,2025-03-14 14:00:00,0.196675,0.195272,0.178934,0.196623,0.191976,0.001403,0.017741,5.2e-05,0.0047,-0.713514,-9.020382,-0.026556,-2.38957,-126.0,10.0,166.0,-50.0,-127.0,9.0,169.0,-51.0,0,0,4,0,2,3,4,1,alphabeta,alphabeta,False,1.0,4
220,2025-03-14 14:30:00,0.182911,0.192466,0.183814,0.197135,0.192522,0.009555,0.000903,0.014224,0.009611,5.223812,0.493431,7.77622,5.25447,-127.0,9.0,169.0,-51.0,-128.0,12.0,168.0,-52.0,0,4,0,0,2,3,1,4,poly,alphabeta,True,1.0,4
221,2025-03-14 15:00:00,0.185292,0.183747,0.178617,0.184781,0.182822,0.001545,0.006675,0.000511,0.00247,-0.833706,-3.60224,-0.275713,-1.333021,-128.0,12.0,168.0,-52.0,-129.0,11.0,171.0,-53.0,0,0,4,0,2,3,4,1,alphabeta,alphabeta,False,1.0,4
222,2025-03-14 15:30:00,0.186306,0.181556,0.175755,0.18576,0.180613,0.00475,0.010551,0.000546,0.005693,-2.549456,-5.663459,-0.293013,-3.055622,-129.0,11.0,171.0,-53.0,-130.0,10.0,174.0,-54.0,0,0,4,0,2,3,4,1,alphabeta,alphabeta,False,1.0,4
223,2025-03-14 16:00:00,0.188455,0.179751,0.17738,0.186914,0.181437,0.008704,0.011075,0.001541,0.007018,-4.618355,-5.876525,-0.817695,-3.723935,-130.0,10.0,174.0,-54.0,-131.0,9.0,177.0,-55.0,0,0,4,0,3,2,4,1,alphabeta,alphabeta,False,1.0,4
224,2025-03-14 16:30:00,0.189893,0.182268,0.182452,0.189147,0.184468,0.007625,0.007441,0.000746,0.005425,-4.015565,-3.918456,-0.392891,-2.857059,-131.0,9.0,177.0,-55.0,-132.0,8.0,180.0,-56.0,0,0,4,0,4,2,3,1,alphabeta,alphabeta,False,1.0,4
225,2025-03-14 17:00:00,0.190712,0.185561,0.189262,0.190769,0.187693,0.005151,0.00145,5.7e-05,0.00302,-2.701085,-0.760258,0.029691,-1.583342,-132.0,8.0,180.0,-56.0,-133.0,7.0,183.0,-57.0,0,0,4,0,4,3,2,1,alphabeta,alphabeta,False,1.0,4
226,2025-03-14 17:30:00,0.194603,0.186525,0.192319,0.191804,0.190147,0.008078,0.002284,0.002799,0.004456,-4.150908,-1.173771,-1.438286,-2.289896,-133.0,7.0,183.0,-57.0,-134.0,10.0,182.0,-58.0,0,4,0,0,4,3,1,2,poly,alphabeta,True,1.0,4
227,2025-03-14 18:00:00,0.196205,0.191523,0.198901,0.195529,0.194347,0.004682,0.002696,0.000676,0.001858,-2.386226,1.373952,-0.344524,-0.947027,-134.0,10.0,182.0,-58.0,-135.0,9.0,185.0,-59.0,0,0,4,0,4,2,3,1,alphabeta,alphabeta,False,1.0,4
228,2025-03-14 18:30:00,0.19357,0.197561,0.201695,0.197415,0.197426,0.003991,0.008125,0.003845,0.003856,2.061929,4.19744,1.986482,1.992118,-135.0,9.0,185.0,-59.0,-136.0,8.0,188.0,-60.0,0,0,4,0,3,2,4,1,alphabeta,alphabeta,False,1.0,4
229,2025-03-14 19:00:00,0.196042,0.197417,0.200127,0.195234,0.19641,0.001375,0.004085,0.000809,0.000368,0.701344,2.083603,-0.412444,0.187637,-136.0,8.0,188.0,-60.0,-137.0,7.0,187.0,-57.0,0,0,0,4,3,1,4,2,kalman,alphabeta,True,1.0,4
230,2025-03-14 19:30:00,0.194009,0.198217,0.202479,0.197312,0.197335,0.004208,0.00847,0.003303,0.003326,2.168926,4.365681,1.70235,1.7142,-137.0,7.0,187.0,-57.0,-138.0,6.0,190.0,-58.0,0,0,4,0,3,2,4,1,alphabeta,alphabeta,False,1.0,4
231,2025-03-14 20:00:00,0.186772,0.197211,0.199212,0.195693,0.195867,0.010439,0.012439,0.00892,0.009095,5.589249,6.660104,4.776046,4.869464,-138.0,6.0,190.0,-58.0,-139.0,5.0,193.0,-59.0,0,0,4,0,3,2,4,1,alphabeta,alphabeta,False,1.0,4
232,2025-03-14 20:30:00,0.178868,0.192529,0.188372,0.188926,0.189196,0.013661,0.009504,0.010058,0.010328,7.63747,5.313578,5.622907,5.773937,-139.0,5.0,193.0,-59.0,-140.0,8.0,192.0,-60.0,0,4,0,0,4,3,1,2,poly,alphabeta,True,1.0,4
233,2025-03-14 21:00:00,0.172825,0.184588,0.177901,0.181038,0.17969,0.011763,0.005075,0.008213,0.006865,6.806295,2.936652,4.752212,3.972164,-140.0,8.0,192.0,-60.0,-141.0,11.0,191.0,-61.0,0,4,0,0,4,2,1,3,poly,alphabeta,True,1.0,4
234,2025-03-14 21:30:00,0.167753,0.1751,0.166947,0.174701,0.170777,0.007347,0.000806,0.006948,0.003024,4.379828,-0.480422,4.141896,1.802552,-141.0,11.0,191.0,-61.0,-142.0,14.0,190.0,-62.0,0,4,0,0,4,2,1,3,poly,alphabeta,True,1.0,4
235,2025-03-14 22:00:00,0.163963,0.166382,0.157706,0.169338,0.163463,0.002419,0.006257,0.005375,0.0005,1.47503,-3.816185,3.277888,-0.30525,-142.0,14.0,190.0,-62.0,-143.0,13.0,189.0,-59.0,0,0,0,4,2,1,4,3,kalman,alphabeta,True,1.0,4
236,2025-03-14 22:30:00,0.159297,0.159217,0.151139,0.16518,0.158289,8e-05,0.008159,0.005883,0.001008,-0.050355,-5.121753,3.693002,-0.633083,-143.0,13.0,189.0,-59.0,-140.0,12.0,188.0,-60.0,4,0,0,0,1,2,4,3,linear,alphabeta,True,1.0,4
237,2025-03-14 23:00:00,0.152694,0.152233,0.146531,0.160286,0.153616,0.00046,0.006163,0.007592,0.000922,-0.301514,-4.036146,4.972261,0.603999,-140.0,12.0,188.0,-60.0,-137.0,11.0,187.0,-61.0,4,0,0,0,1,2,3,4,linear,alphabeta,True,1.0,4
238,2025-03-14 23:30:00,0.147188,0.146503,0.142492,0.153507,0.147638,0.000685,0.004696,0.006319,0.00045,-0.465394,-3.190418,4.293257,0.305565,-137.0,11.0,187.0,-61.0,-138.0,10.0,186.0,-58.0,0,0,0,4,2,1,3,4,kalman,alphabeta,True,1.0,4
239,2025-03-15 00:00:00,0.134291,0.141938,0.138566,0.147573,0.14184,0.007647,0.004275,0.013283,0.00755,5.69463,3.183764,9.891081,5.621781,-138.0,10.0,186.0,-58.0,-139.0,13.0,185.0,-59.0,0,4,0,0,3,2,1,4,poly,alphabeta,True,1.0,4
240,2025-03-15 00:30:00,0.118642,0.133356,0.129014,0.135084,0.130387,0.014714,0.010372,0.016442,0.011745,12.401705,8.742079,13.858248,9.899383,-139.0,13.0,185.0,-59.0,-140.0,16.0,184.0,-60.0,0,4,0,0,3,2,1,4,poly,alphabeta,True,1.0,4
241,2025-03-15 01:00:00,0.104713,0.11975,0.114721,0.119433,0.114097,0.015038,0.010008,0.014721,0.009384,14.360835,9.557732,14.058081,8.961714,-140.0,16.0,184.0,-60.0,-141.0,15.0,183.0,-57.0,0,0,0,4,4,1,2,3,kalman,alphabeta,True,1.0,4
242,2025-03-15 01:30:00,0.088172,0.103474,0.096709,0.105195,0.097243,0.015303,0.008537,0.017024,0.009072,17.355395,9.68281,19.307662,10.288879,-141.0,15.0,183.0,-57.0,-142.0,18.0,182.0,-58.0,0,4,0,0,3,2,1,4,poly,alphabeta,True,1.0,4
243,2025-03-15 02:00:00,0.074794,0.084414,0.07489,0.088695,0.078707,0.00962,9.6e-05,0.013901,0.003914,12.862349,0.128815,18.586504,5.232992,-142.0,18.0,182.0,-58.0,-143.0,21.0,181.0,-59.0,0,4,0,0,3,2,1,4,poly,alphabeta,True,1.0,4
244,2025-03-15 02:30:00,0.062972,0.065837,0.055033,0.07486,0.062349,0.002865,0.007939,0.011888,0.000623,4.549734,-12.606937,18.877837,-0.989005,-143.0,21.0,181.0,-59.0,-144.0,20.0,180.0,-56.0,0,0,0,4,2,1,3,4,kalman,alphabeta,True,1.0,4
245,2025-03-15 03:00:00,0.055069,0.049238,0.039437,0.062643,0.048742,0.005831,0.015632,0.007574,0.006327,-10.588582,-28.385575,13.753776,-11.488686,-144.0,20.0,180.0,-56.0,-141.0,19.0,179.0,-57.0,4,0,0,0,1,2,4,3,linear,alphabeta,True,1.0,4
246,2025-03-15 03:30:00,0.048023,0.036649,0.030441,0.054314,0.039732,0.011374,0.017581,0.006292,0.008291,-23.683929,-36.610583,13.101887,-17.263861,-141.0,19.0,179.0,-57.0,-142.0,18.0,182.0,-58.0,0,0,4,0,3,2,4,1,alphabeta,alphabeta,False,1.0,4
247,2025-03-15 04:00:00,0.042652,0.02903,0.02676,0.047036,0.03356,0.013622,0.015892,0.004384,0.009092,-31.937192,-37.258958,10.27846,-21.316836,-142.0,18.0,182.0,-58.0,-143.0,17.0,185.0,-59.0,0,0,4,0,3,2,4,1,alphabeta,alphabeta,False,1.0,4
248,2025-03-15 04:30:00,0.040394,0.024745,0.026992,0.041484,0.029719,0.015649,0.013402,0.00109,0.010675,-38.740654,-33.177808,2.698208,-26.427007,-143.0,17.0,185.0,-59.0,-144.0,16.0,188.0,-60.0,0,0,4,0,4,2,3,1,alphabeta,alphabeta,False,1.0,4
249,2025-03-15 05:00:00,0.036923,0.02356,0.030944,0.038979,0.028985,0.013363,0.005979,0.002056,0.007938,-36.191374,-16.193492,5.568202,-21.4985,-144.0,16.0,188.0,-60.0,-145.0,15.0,191.0,-61.0,0,0,4,0,4,3,2,1,alphabeta,alphabeta,False,1.0,4
250,2025-03-15 05:30:00,0.037407,0.024049,0.035007,0.035524,0.0283,0.013358,0.0024,0.001883,0.009107,-35.709153,-6.415876,-5.03411,-24.345571,-145.0,15.0,191.0,-61.0,-146.0,14.0,194.0,-62.0,0,0,4,0,4,3,2,1,alphabeta,alphabeta,False,1.0,4
251,2025-03-15 06:00:00,0.049024,0.026136,0.038965,0.035637,0.030161,0.022889,0.01006,0.013388,0.018863,-46.688538,-20.519651,-27.307846,-38.477676,-146.0,14.0,194.0,-62.0,-147.0,17.0,193.0,-63.0,0,4,0,0,4,3,1,2,poly,alphabeta,True,1.0,4
252,2025-03-15 06:30:00,0.057687,0.034692,0.050803,0.046358,0.041537,0.022995,0.006883,0.011328,0.01615,-39.861399,-11.932488,-19.637448,-27.995676,-147.0,17.0,193.0,-63.0,-148.0,20.0,192.0,-64.0,0,4,0,0,4,3,1,2,poly,alphabeta,True,1.0,4
253,2025-03-15 07:00:00,0.063906,0.046118,0.064978,0.055307,0.054661,0.017787,0.001072,0.008599,0.009245,-27.833495,1.677518,-13.45543,-14.466007,-148.0,20.0,192.0,-64.0,-149.0,23.0,191.0,-65.0,0,4,0,0,4,3,1,2,poly,alphabeta,True,1.0,4
254,2025-03-15 07:30:00,0.077976,0.058398,0.076865,0.061878,0.065692,0.019578,0.001111,0.016098,0.012284,-25.107634,-1.424793,-20.644953,-15.753813,-149.0,23.0,191.0,-65.0,-150.0,26.0,190.0,-66.0,0,4,0,0,4,2,1,3,poly,alphabeta,True,1.0,4
255,2025-03-15 08:00:00,0.09816,0.07425,0.092933,0.075341,0.081003,0.02391,0.005227,0.022818,0.017157,-24.358444,-5.325281,-23.24615,-17.478432,-150.0,26.0,190.0,-66.0,-151.0,29.0,189.0,-67.0,0,4,0,0,4,2,1,3,poly,alphabeta,True,1.0,4
256,2025-03-15 08:30:00,0.115676,0.095066,0.115075,0.095071,0.102655,0.02061,0.000601,0.020605,0.013021,-17.817207,-0.519913,-17.812926,-11.25631,-151.0,29.0,189.0,-67.0,-152.0,32.0,188.0,-68.0,0,4,0,0,4,2,1,3,poly,alphabeta,True,1.0,4
257,2025-03-15 09:00:00,0.135079,0.117886,0.138228,0.113009,0.124591,0.017193,0.003149,0.02207,0.010488,-12.727777,2.331312,-16.338891,-7.764464,-152.0,32.0,188.0,-68.0,-153.0,35.0,187.0,-69.0,0,4,0,0,3,2,1,4,poly,alphabeta,True,1.0,4
258,2025-03-15 09:30:00,0.145854,0.141103,0.161446,0.132452,0.147216,0.004751,0.015593,0.013402,0.001362,-3.25733,10.690627,-9.188417,0.934125,-153.0,35.0,187.0,-69.0,-154.0,34.0,186.0,-66.0,0,0,0,4,2,1,4,3,kalman,alphabeta,True,1.0,4
259,2025-03-15 10:00:00,0.153586,0.159363,0.17711,0.144217,0.162711,0.005777,0.023523,0.009369,0.009124,3.761125,15.316012,-6.100109,5.940944,-154.0,34.0,186.0,-66.0,-151.0,33.0,185.0,-67.0,4,0,0,0,1,2,4,3,linear,alphabeta,True,1.0,4
260,2025-03-15 10:30:00,0.159011,0.174019,0.184755,0.152471,0.171844,0.015008,0.025744,0.00654,0.012832,9.438012,16.190157,-4.11295,8.070078,-151.0,33.0,185.0,-67.0,-152.0,32.0,188.0,-68.0,0,0,4,0,3,2,4,1,alphabeta,alphabeta,False,1.0,4
261,2025-03-15 11:00:00,0.171474,0.183278,0.184971,0.158221,0.176197,0.011804,0.013497,0.013253,0.004723,6.883814,7.871259,-7.729084,2.754521,-152.0,32.0,188.0,-68.0,-153.0,31.0,187.0,-65.0,0,0,0,4,2,1,4,3,kalman,alphabeta,True,1.0,4
262,2025-03-15 11:30:00,0.172554,0.190133,0.187792,0.170164,0.184269,0.017579,0.015238,0.002389,0.011715,10.187749,8.830946,-1.384711,6.789161,-153.0,31.0,187.0,-65.0,-154.0,30.0,190.0,-66.0,0,0,4,0,4,2,3,1,alphabeta,alphabeta,False,1.0,4
263,2025-03-15 12:00:00,0.173112,0.191028,0.185733,0.172416,0.185892,0.017916,0.012621,0.000696,0.01278,10.349422,7.290533,-0.402066,7.382374,-154.0,30.0,190.0,-66.0,-155.0,29.0,193.0,-67.0,0,0,4,0,4,3,2,1,alphabeta,alphabeta,False,1.0,4
264,2025-03-15 12:30:00,0.174634,0.189278,0.178779,0.173214,0.184275,0.014643,0.004144,0.001421,0.00964,8.385179,2.373196,-0.813559,5.520243,-155.0,29.0,193.0,-67.0,-156.0,28.0,196.0,-68.0,0,0,4,0,4,3,2,1,alphabeta,alphabeta,False,1.0,4
265,2025-03-15 13:00:00,0.177796,0.186514,0.171885,0.174724,0.182492,0.008717,0.005911,0.003073,0.004696,4.903082,-3.32459,-1.728172,2.64132,-156.0,28.0,196.0,-68.0,-157.0,27.0,199.0,-69.0,0,0,4,0,4,2,3,1,alphabeta,alphabeta,False,1.0,4
266,2025-03-15 13:30:00,0.17513,0.185943,0.170311,0.17779,0.182604,0.010813,0.004819,0.00266,0.007474,6.174335,-2.751871,1.518887,4.267612,-157.0,27.0,199.0,-69.0,-158.0,26.0,202.0,-70.0,0,0,4,0,4,3,2,1,alphabeta,alphabeta,False,1.0,4
267,2025-03-15 14:00:00,0.17535,0.183311,0.168694,0.175699,0.179574,0.007961,0.006656,0.000349,0.004224,4.539811,-3.795806,0.199049,2.409038,-158.0,26.0,202.0,-70.0,-159.0,25.0,205.0,-71.0,0,0,4,0,4,2,3,1,alphabeta,alphabeta,False,1.0,4
268,2025-03-15 14:30:00,0.176343,0.180413,0.16835,0.175722,0.177556,0.004071,0.007993,0.00062,0.001214,2.308443,-4.53265,-0.351708,0.688165,-159.0,25.0,205.0,-71.0,-160.0,24.0,208.0,-72.0,0,0,4,0,3,2,4,1,alphabeta,alphabeta,False,1.0,4
269,2025-03-15 15:00:00,0.183759,0.177618,0.16998,0.176678,0.177029,0.006142,0.013779,0.007082,0.00673,-3.342168,-7.498365,-3.853708,-3.662503,-160.0,24.0,208.0,-72.0,-157.0,23.0,207.0,-73.0,4,0,0,0,1,2,4,3,linear,alphabeta,True,1.0,4
270,2025-03-15 15:30:00,0.190586,0.181124,0.175965,0.183561,0.182477,0.009462,0.014621,0.007025,0.008109,-4.964542,-7.671589,-3.685843,-4.254921,-157.0,23.0,207.0,-73.0,-158.0,22.0,210.0,-74.0,0,0,4,0,3,2,4,1,alphabeta,alphabeta,False,1.0,4
271,2025-03-15 16:00:00,0.188241,0.187114,0.185423,0.190572,0.190387,0.001127,0.002819,0.002331,0.002146,-0.598943,-1.497312,1.238286,1.140096,-158.0,22.0,210.0,-74.0,-155.0,21.0,209.0,-75.0,4,0,0,0,1,2,4,3,linear,alphabeta,True,1.0,4
272,2025-03-15 16:30:00,0.195208,0.190198,0.190339,0.189265,0.191928,0.005009,0.004869,0.005942,0.003279,-2.566137,-2.494178,-3.044065,-1.679927,-155.0,21.0,209.0,-75.0,-156.0,20.0,208.0,-72.0,0,0,0,4,3,1,2,4,kalman,alphabeta,True,1.0,4
273,2025-03-15 17:00:00,0.194659,0.195689,0.199362,0.195572,0.197279,0.00103,0.004703,0.000913,0.00262,0.528887,2.415839,0.468922,1.346009,-156.0,20.0,208.0,-72.0,-157.0,19.0,211.0,-73.0,0,0,4,0,2,3,4,1,alphabeta,alphabeta,False,1.0,4
274,2025-03-15 17:30:00,0.203243,0.19983,0.201693,0.195833,0.198682,0.003413,0.00155,0.007411,0.004562,-1.679418,-0.762874,-3.646201,-2.244417,-157.0,19.0,211.0,-73.0,-158.0,22.0,210.0,-74.0,0,4,0,0,2,3,1,4,poly,alphabeta,True,1.0,4
275,2025-03-15 18:00:00,0.21464,0.205504,0.208009,0.203761,0.205173,0.009136,0.006631,0.010879,0.009468,-4.256491,-3.089332,-5.068662,-4.410876,-158.0,22.0,210.0,-74.0,-159.0,25.0,209.0,-75.0,0,4,0,0,2,3,1,4,poly,alphabeta,True,1.0,4
276,2025-03-15 18:30:00,0.260691,0.213943,0.219089,0.215012,0.216445,0.046748,0.041603,0.04568,0.044246,-17.932269,-15.958585,-17.522509,-16.972755,-159.0,25.0,209.0,-75.0,-160.0,28.0,208.0,-76.0,0,4,0,0,4,2,1,3,poly,alphabeta,True,1.0,4
277,2025-03-15 19:00:00,0.28164,0.241553,0.258595,0.258098,0.256911,0.040088,0.023045,0.023542,0.024729,-14.233601,-8.18245,-8.359002,-8.780328,-160.0,28.0,208.0,-76.0,-161.0,31.0,207.0,-77.0,0,4,0,0,4,3,1,2,poly,alphabeta,True,1.0,4
278,2025-03-15 19:30:00,0.26079,0.273248,0.295834,0.281551,0.291174,0.012459,0.035044,0.020761,0.030384,4.777251,13.437668,7.960978,11.650763,-161.0,31.0,207.0,-77.0,-158.0,30.0,206.0,-78.0,4,0,0,0,1,3,4,2,linear,alphabeta,True,1.0,4
279,2025-03-15 20:00:00,0.260887,0.286469,0.299571,0.264964,0.287333,0.025583,0.038685,0.004077,0.026446,9.806065,14.828279,1.562905,10.137075,-158.0,30.0,206.0,-78.0,-159.0,29.0,209.0,-79.0,0,0,4,0,2,3,4,1,alphabeta,alphabeta,False,1.0,4
280,2025-03-15 20:30:00,0.191202,0.291379,0.295276,0.263367,0.280336,0.100177,0.104074,0.072165,0.089135,52.393571,54.43133,37.742689,46.618042,-159.0,29.0,209.0,-79.0,-160.0,28.0,212.0,-80.0,0,0,4,0,3,2,4,1,alphabeta,alphabeta,False,1.0,4
281,2025-03-15 21:00:00,0.19101,0.256152,0.234049,0.199798,0.21879,0.065142,0.043039,0.008787,0.02778,34.103844,22.532094,4.60051,14.543937,-160.0,28.0,212.0,-80.0,-161.0,27.0,215.0,-81.0,0,0,4,0,4,2,3,1,alphabeta,alphabeta,False,1.0,4
282,2025-03-15 21:30:00,0.184898,0.221062,0.187566,0.193173,0.187009,0.036164,0.002668,0.008275,0.002111,19.558893,1.443213,4.47545,1.141888,-161.0,27.0,215.0,-81.0,-162.0,26.0,214.0,-78.0,0,0,0,4,4,1,2,3,kalman,alphabeta,True,1.0,4
283,2025-03-15 22:00:00,0.182252,0.186372,0.150375,0.186825,0.169634,0.00412,0.031878,0.004573,0.012618,2.260474,-17.491033,2.509027,-6.923517,-162.0,26.0,214.0,-78.0,-159.0,25.0,213.0,-79.0,4,0,0,0,1,3,4,2,linear,alphabeta,True,1.0,4
284,2025-03-15 22:30:00,0.180424,0.156396,0.129586,0.183698,0.163366,0.024028,0.050838,0.003274,0.017058,-13.317721,-28.17713,1.814609,-9.454262,-159.0,25.0,213.0,-79.0,-160.0,24.0,216.0,-80.0,0,0,4,0,3,2,4,1,alphabeta,alphabeta,False,1.0,4
285,2025-03-15 23:00:00,0.163685,0.145422,0.122471,0.181661,0.163169,0.018263,0.041213,0.017976,0.000516,-11.157183,-25.178523,10.981887,-0.315225,-160.0,24.0,216.0,-80.0,-161.0,23.0,215.0,-77.0,0,0,0,4,3,1,4,2,kalman,alphabeta,True,1.0,4
286,2025-03-15 23:30:00,0.153689,0.142161,0.119761,0.166094,0.153514,0.011528,0.033928,0.012405,0.000175,-7.501051,-22.075807,8.071262,-0.113963,-161.0,23.0,215.0,-77.0,-162.0,22.0,214.0,-74.0,0,0,0,4,2,1,4,3,kalman,alphabeta,True,1.0,4
287,2025-03-16 00:00:00,0.144193,0.139093,0.126197,0.155253,0.143698,0.0051,0.017996,0.01106,0.000495,-3.536762,-12.480635,7.67013,-0.343106,-162.0,22.0,214.0,-74.0,-163.0,21.0,213.0,-71.0,0,0,0,4,2,1,4,3,kalman,alphabeta,True,1.0,4
288,2025-03-16 00:30:00,0.126962,0.142787,0.139787,0.145376,0.134169,0.015825,0.012826,0.018414,0.007207,12.464624,10.102072,14.503696,5.676574,-163.0,21.0,213.0,-71.0,-164.0,20.0,212.0,-68.0,0,0,0,4,3,1,2,4,kalman,alphabeta,True,1.0,4
289,2025-03-16 01:00:00,0.114822,0.125481,0.135422,0.128541,0.118706,0.010659,0.0206,0.013719,0.003884,9.282629,17.940393,11.948252,3.382827,-164.0,20.0,212.0,-68.0,-165.0,19.0,211.0,-65.0,0,0,0,4,2,1,4,3,kalman,alphabeta,True,1.0,4
290,2025-03-16 01:30:00,0.096522,0.108919,0.117837,0.115718,0.104367,0.012396,0.021314,0.019196,0.007845,12.843117,22.082097,19.887097,8.127413,-165.0,19.0,211.0,-65.0,-166.0,18.0,210.0,-62.0,0,0,0,4,2,1,4,3,kalman,alphabeta,True,1.0,4
291,2025-03-16 02:00:00,0.079643,0.089187,0.093881,0.097716,0.086127,0.009545,0.014238,0.018073,0.006484,11.984241,17.87735,22.692491,8.141713,-166.0,18.0,210.0,-62.0,-167.0,17.0,209.0,-59.0,0,0,0,4,2,1,3,4,kalman,alphabeta,True,1.0,4
292,2025-03-16 02:30:00,0.065713,0.06954,0.057716,0.080502,0.067342,0.003827,0.007996,0.01479,0.001629,5.824068,-12.168827,22.506381,2.478684,-167.0,17.0,209.0,-59.0,-168.0,16.0,208.0,-56.0,0,0,0,4,2,1,3,4,kalman,alphabeta,True,1.0,4
293,2025-03-16 03:00:00,0.055112,0.053269,0.041971,0.065992,0.051029,0.001843,0.013141,0.01088,0.004083,-3.34391,-23.843942,19.742511,-7.408071,-168.0,16.0,208.0,-56.0,-165.0,15.0,207.0,-57.0,4,0,0,0,1,2,4,3,linear,alphabeta,True,1.0,4
294,2025-03-16 03:30:00,0.048157,0.038009,0.030539,0.054892,0.038856,0.010149,0.017618,0.006735,0.009301,-21.074057,-36.585074,13.985297,-19.313663,-165.0,15.0,207.0,-57.0,-166.0,14.0,210.0,-58.0,0,0,4,0,3,2,4,1,alphabeta,alphabeta,False,1.0,4
295,2025-03-16 04:00:00,0.042247,0.027335,0.026222,0.047452,0.031611,0.014912,0.016025,0.005205,0.010636,-35.297987,-37.932247,12.321216,-25.175206,-166.0,14.0,210.0,-58.0,-167.0,13.0,213.0,-59.0,0,0,4,0,3,2,4,1,alphabeta,alphabeta,False,1.0,4
296,2025-03-16 04:30:00,0.043429,0.021621,0.025534,0.041324,0.027322,0.021808,0.017896,0.002105,0.016107,-50.215617,-41.20625,-4.847224,-37.087776,-167.0,13.0,213.0,-59.0,-168.0,12.0,216.0,-60.0,0,0,4,0,4,2,3,1,alphabeta,alphabeta,False,1.0,4
297,2025-03-16 05:00:00,0.051728,0.021267,0.029522,0.04177,0.029505,0.03046,0.022205,0.009957,0.022223,-58.885934,-42.927571,-19.249543,-42.961039,-168.0,12.0,216.0,-60.0,-169.0,11.0,219.0,-61.0,0,0,4,0,4,3,2,1,alphabeta,alphabeta,False,1.0,4
298,2025-03-16 05:30:00,0.051497,0.029677,0.044453,0.049409,0.039787,0.02182,0.007044,0.002088,0.011709,-42.371031,-13.678097,-4.054041,-22.737815,-169.0,11.0,219.0,-61.0,-170.0,10.0,222.0,-62.0,0,0,4,0,4,3,2,1,alphabeta,alphabeta,False,1.0,4
299,2025-03-16 06:00:00,0.052401,0.038196,0.056786,0.049982,0.046397,0.014205,0.004385,0.002419,0.006004,-27.108409,8.367897,-4.616635,-11.457589,-170.0,10.0,222.0,-62.0,-171.0,9.0,225.0,-63.0,0,0,4,0,4,3,2,1,alphabeta,alphabeta,False,1.0,4
300,2025-03-16 06:30:00,0.054723,0.045962,0.064833,0.050868,0.050941,0.008761,0.01011,0.003855,0.003782,-16.00998,18.474303,-7.044977,-6.911888,-171.0,9.0,225.0,-63.0,-172.0,8.0,224.0,-60.0,0,0,0,4,3,1,4,2,kalman,alphabeta,True,1.0,4
301,2025-03-16 07:00:00,0.057584,0.052834,0.07105,0.053022,0.054978,0.00475,0.013466,0.004562,0.002606,-8.248514,23.385185,-7.922298,-4.525435,-172.0,8.0,224.0,-60.0,-173.0,7.0,223.0,-57.0,0,0,0,4,3,1,4,2,kalman,alphabeta,True,1.0,4
302,2025-03-16 07:30:00,0.068123,0.058527,0.073302,0.055804,0.05887,0.009596,0.005179,0.012319,0.009253,-14.085847,7.602791,-18.083373,-13.582821,-173.0,7.0,223.0,-57.0,-174.0,10.0,222.0,-58.0,0,4,0,0,3,2,1,4,poly,alphabeta,True,1.0,4
303,2025-03-16 08:00:00,0.088704,0.066741,0.079536,0.065717,0.068505,0.021963,0.009168,0.022987,0.020199,-24.759907,-10.335969,-25.91459,-22.771445,-174.0,10.0,222.0,-58.0,-175.0,13.0,221.0,-59.0,0,4,0,0,3,2,1,4,poly,alphabeta,True,1.0,4
304,2025-03-16 08:30:00,0.106169,0.080996,0.09612,0.085398,0.088617,0.025173,0.010049,0.020771,0.017551,-23.710259,-9.464731,-19.563727,-16.531668,-175.0,13.0,221.0,-59.0,-176.0,16.0,220.0,-60.0,0,4,0,0,4,2,1,3,poly,alphabeta,True,1.0,4
305,2025-03-16 09:00:00,0.122892,0.099427,0.117009,0.103303,0.110804,0.023464,0.005883,0.019589,0.012088,-19.093497,-4.786862,-15.939937,-9.836425,-176.0,16.0,220.0,-60.0,-177.0,19.0,219.0,-61.0,0,4,0,0,4,2,1,3,poly,alphabeta,True,1.0,4
306,2025-03-16 09:30:00,0.135659,0.122462,0.139506,0.120265,0.132315,0.013196,0.003848,0.015394,0.003344,-9.727588,2.836226,-11.347743,-2.465137,-177.0,19.0,219.0,-61.0,-178.0,18.0,218.0,-58.0,0,0,0,4,3,1,2,4,kalman,alphabeta,True,1.0,4
307,2025-03-16 10:00:00,0.148933,0.144174,0.159073,0.133513,0.149457,0.004759,0.01014,0.01542,0.000525,-3.195489,6.808505,-10.353749,0.352177,-178.0,18.0,218.0,-58.0,-179.0,17.0,217.0,-55.0,0,0,0,4,2,1,3,4,kalman,alphabeta,True,1.0,4
308,2025-03-16 10:30:00,0.154436,0.163828,0.177087,0.146545,0.164256,0.009391,0.02265,0.007891,0.00982,6.081036,14.666524,-5.109647,6.358401,-179.0,17.0,217.0,-55.0,-180.0,16.0,220.0,-56.0,0,0,4,0,2,3,4,1,alphabeta,alphabeta,False,1.0,4
309,2025-03-16 11:00:00,0.162435,0.17672,0.186303,0.152737,0.171664,0.014285,0.023868,0.009697,0.009229,8.794225,14.694103,-5.970042,5.681502,-180.0,16.0,220.0,-56.0,-181.0,15.0,219.0,-53.0,0,0,0,4,3,1,4,2,kalman,alphabeta,True,1.0,4
310,2025-03-16 11:30:00,0.167871,0.183949,0.188224,0.160854,0.177517,0.016078,0.020353,0.007018,0.009646,9.577644,12.124082,-4.18033,5.74615,-181.0,15.0,219.0,-53.0,-182.0,14.0,222.0,-54.0,0,0,4,0,3,2,4,1,alphabeta,alphabeta,False,1.0,4
311,2025-03-16 12:00:00,0.178579,0.186427,0.1856,0.166609,0.181149,0.007848,0.00702,0.01197,0.002569,4.394585,3.931158,-6.703075,1.438788,-182.0,14.0,222.0,-54.0,-183.0,13.0,221.0,-51.0,0,0,0,4,3,1,2,4,kalman,alphabeta,True,1.0,4
312,2025-03-16 12:30:00,0.181501,0.190922,0.185454,0.177552,0.188343,0.009421,0.003952,0.003949,0.006842,5.190377,2.177644,-2.175937,3.769671,-183.0,13.0,221.0,-51.0,-184.0,12.0,224.0,-52.0,0,0,4,0,4,3,2,1,alphabeta,alphabeta,False,1.0,4
313,2025-03-16 13:00:00,0.186535,0.193486,0.183393,0.181256,0.191663,0.00695,0.003142,0.00528,0.005127,3.726012,-1.684444,-2.830427,2.748732,-184.0,12.0,224.0,-52.0,-185.0,15.0,223.0,-53.0,0,4,0,0,4,2,1,3,poly,alphabeta,True,1.0,4
314,2025-03-16 13:30:00,0.187634,0.196468,0.18505,0.186263,0.19492,0.008833,0.002584,0.001372,0.007286,4.707733,-1.377148,-0.730971,3.883045,-185.0,15.0,223.0,-53.0,-186.0,14.0,226.0,-54.0,0,0,4,0,4,3,2,1,alphabeta,alphabeta,False,1.0,4
315,2025-03-16 14:00:00,0.184025,0.19774,0.187418,0.187784,0.195433,0.013715,0.003393,0.003759,0.011408,7.452615,1.844007,2.04264,6.199327,-186.0,14.0,226.0,-54.0,-187.0,17.0,225.0,-55.0,0,4,0,0,4,3,1,2,poly,alphabeta,True,1.0,4
316,2025-03-16 14:30:00,0.185264,0.196379,0.184861,0.184664,0.19122,0.011114,0.000404,0.000601,0.005955,5.999208,-0.217845,-0.324291,3.214496,-187.0,17.0,225.0,-55.0,-188.0,20.0,224.0,-56.0,0,4,0,0,4,3,1,2,poly,alphabeta,True,1.0,4
317,2025-03-16 15:00:00,0.18753,0.193844,0.183306,0.185618,0.188936,0.006314,0.004224,0.001911,0.001406,3.366848,-2.252453,-1.01927,0.749723,-188.0,20.0,224.0,-56.0,-189.0,19.0,223.0,-53.0,0,0,0,4,4,1,3,2,kalman,alphabeta,True,1.0,4
318,2025-03-16 15:30:00,0.197378,0.191995,0.183108,0.187844,0.188993,0.005383,0.01427,0.009534,0.008385,-2.727409,-7.229948,-4.830085,-4.248161,-189.0,19.0,223.0,-53.0,-186.0,18.0,222.0,-54.0,4,0,0,0,1,2,4,3,linear,alphabeta,True,1.0,4
319,2025-03-16 16:00:00,0.194033,0.194323,0.190258,0.1971,0.196433,0.000289,0.003775,0.003067,0.0024,0.149186,-1.945366,1.580628,1.236797,-186.0,18.0,222.0,-54.0,-183.0,17.0,221.0,-55.0,4,0,0,0,1,2,4,3,linear,alphabeta,True,1.0,4
320,2025-03-16 16:30:00,0.196222,0.195641,0.191392,0.195127,0.197145,0.000581,0.00483,0.001095,0.000923,-0.296059,-2.461538,-0.557916,0.470401,-183.0,17.0,221.0,-55.0,-180.0,16.0,220.0,-56.0,4,0,0,0,1,2,4,3,linear,alphabeta,True,1.0,4
321,2025-03-16 17:00:00,0.197159,0.197441,0.194464,0.197002,0.198521,0.000282,0.002695,0.000158,0.001362,0.143147,-1.36702,-0.079906,0.690703,-180.0,16.0,220.0,-56.0,-181.0,15.0,223.0,-57.0,0,0,4,0,2,3,4,1,alphabeta,alphabeta,False,1.0,4
322,2025-03-16 17:30:00,0.202886,0.199931,0.197298,0.198184,0.199364,0.002955,0.005588,0.004702,0.003522,-1.456379,-2.754382,-2.317664,-1.736135,-181.0,15.0,223.0,-57.0,-178.0,14.0,222.0,-58.0,4,0,0,0,1,2,4,3,linear,alphabeta,True,1.0,4
323,2025-03-16 18:00:00,0.204864,0.204539,0.204171,0.203635,0.203754,0.000325,0.000693,0.001228,0.00111,-0.158427,-0.338189,-0.599625,-0.541733,-178.0,14.0,222.0,-58.0,-175.0,13.0,221.0,-59.0,4,0,0,0,1,3,2,4,linear,alphabeta,True,1.0,4
324,2025-03-16 18:30:00,0.205747,0.207212,0.208288,0.206079,0.206977,0.001465,0.002541,0.000332,0.00123,0.712013,1.23498,0.161413,0.597671,-175.0,13.0,221.0,-59.0,-176.0,12.0,224.0,-60.0,0,0,4,0,3,2,4,1,alphabeta,alphabeta,False,1.0,4
325,2025-03-16 19:00:00,0.233043,0.208537,0.210678,0.207196,0.208595,0.024506,0.022365,0.025846,0.024448,-10.515502,-9.596938,-11.090879,-10.490683,-176.0,12.0,224.0,-60.0,-177.0,15.0,223.0,-61.0,0,4,0,0,3,2,1,4,poly,alphabeta,True,1.0,4
326,2025-03-16 19:30:00,0.222166,0.222124,0.230297,0.232184,0.230079,4.2e-05,0.008132,0.010018,0.007914,-0.01871,3.660112,4.509279,3.561984,-177.0,15.0,223.0,-61.0,-174.0,14.0,222.0,-62.0,4,0,0,0,1,2,3,4,linear,alphabeta,True,1.0,4
327,2025-03-16 20:00:00,0.186844,0.228913,0.23268,0.224839,0.231229,0.042069,0.045836,0.037994,0.044385,22.515512,24.531566,20.334638,23.75483,-174.0,14.0,222.0,-62.0,-175.0,13.0,225.0,-63.0,0,0,4,0,2,3,4,1,alphabeta,alphabeta,False,1.0,4
328,2025-03-16 20:30:00,0.1787,0.214192,0.206522,0.19192,0.202178,0.035492,0.027822,0.01322,0.023478,19.861491,15.569412,7.397923,13.138346,-175.0,13.0,225.0,-63.0,-176.0,12.0,228.0,-64.0,0,0,4,0,4,2,3,1,alphabeta,alphabeta,False,1.0,4
329,2025-03-16 21:00:00,0.230392,0.19695,0.182077,0.181093,0.180391,0.033443,0.048315,0.049299,0.050002,-14.515511,-20.970962,-21.397858,-21.702884,-176.0,12.0,228.0,-64.0,-173.0,11.0,227.0,-65.0,4,0,0,0,1,4,2,3,linear,alphabeta,True,1.0,4
330,2025-03-16 21:30:00,0.229037,0.207766,0.205745,0.227037,0.211354,0.021271,0.023291,0.002,0.017682,-9.286991,-10.169314,-0.873291,-7.720318,-173.0,11.0,227.0,-65.0,-174.0,10.0,230.0,-66.0,0,0,4,0,3,2,4,1,alphabeta,alphabeta,False,1.0,4
331,2025-03-16 22:00:00,0.222055,0.216389,0.219108,0.230423,0.227265,0.005665,0.002947,0.008368,0.00521,-2.551386,-1.327267,3.768386,2.346452,-174.0,10.0,230.0,-66.0,-175.0,13.0,229.0,-67.0,0,4,0,0,3,2,1,4,poly,alphabeta,True,1.0,4
332,2025-03-16 22:30:00,0.238414,0.219426,0.223873,0.224375,0.228871,0.018988,0.014541,0.01404,0.009543,-7.964313,-6.09914,-5.888779,-4.002753,-175.0,13.0,229.0,-67.0,-176.0,12.0,228.0,-64.0,0,0,0,4,4,1,3,2,kalman,alphabeta,True,1.0,4
333,2025-03-16 23:00:00,0.171001,0.229116,0.239162,0.23861,0.240966,0.058116,0.068161,0.06761,0.069966,33.985565,39.860045,39.537765,40.915491,-176.0,12.0,228.0,-64.0,-173.0,11.0,227.0,-65.0,4,0,0,0,1,4,3,2,linear,alphabeta,True,1.0,4
334,2025-03-16 23:30:00,0.147549,0.211348,0.198956,0.178596,0.192725,0.063798,0.051407,0.031046,0.045175,43.238571,34.840282,21.041418,30.617044,-173.0,11.0,227.0,-65.0,-174.0,10.0,230.0,-66.0,0,0,4,0,4,2,3,1,alphabeta,alphabeta,False,1.0,4
335,2025-03-17 00:00:00,0.130108,0.184616,0.15399,0.151007,0.149536,0.054508,0.023882,0.020899,0.019428,41.894647,18.355563,16.062727,14.932434,-174.0,10.0,230.0,-66.0,-175.0,9.0,229.0,-63.0,0,0,0,4,4,1,3,2,kalman,alphabeta,True,1.0,4
